evaluation_role,dataset,holdout,method,baseline_category,run_priority,seed_group,n_seeds,roc_auc_mean,pr_auc_mean,pauc_fpr_1pct_mean,tpr_at_fpr_1pct_mean,attack_high_detection_mean,attack_high_detection_std,attack_high_detection_min,attack_high_detection_max,final_ood_high_alarm_mean,final_ood_high_alarm_max,feasible_rate,threshold_mean,feature_input,feature_dim,uses_attack_supports,support_count,selected_config,train_time_mean,inference_time_mean,parameter_count_mean,provenance_clean_rate
consistency,harder_holdout,chrono_late_train_early_eval,M0_V1_original100_fixed_guard_LR,existing_detector_baseline,required,heldout_47_51,5,0.705273963806188,0.7560938824515404,0.8092256378213308,0.6903093987157034,0.6798015178050204,0.0,0.6798015178050204,0.6798015178050204,0.0018,0.0018,1.0,-3.203347693811287,original100,100,True,32,fixed_lr,0.8421059799962677,0.02004791998770088,101.0,1.0
consistency,harder_holdout,chrono_late_train_early_eval,M0_V1_original100_fixed_guard_LR,existing_detector_baseline,required,main_42_46,5,0.705273963806188,0.7560938824515404,0.8092256378213308,0.6903093987157034,0.6798015178050204,0.0,0.6798015178050204,0.6798015178050204,0.0018,0.0018,1.0,-3.203347693811287,original100,100,True,32,fixed_lr,0.7661677600233816,0.02057291999226436,101.0,1.0
consistency,harder_holdout,chrono_late_train_early_eval,M1_V2_top32_fixed_guard_LR,existing_detector_baseline,required,heldout_47_51,5,0.9806204028021016,0.9612652574285201,0.8389231622209119,0.7335084646818447,0.7314652656158785,0.0,0.7314652656158785,0.7314652656158785,0.0097,0.0097,1.0,-0.46364417869220853,selected_source_rich_top32,32,True,32,fixed_lr,0.18121508000185713,0.007682840002235025,33.0,1.0
consistency,harder_holdout,chrono_late_train_early_eval,M1_V2_top32_fixed_guard_LR,existing_detector_baseline,required,main_42_46,5,0.9806204028021016,0.9612652574285201,0.8389231622209119,0.7335084646818447,0.7314652656158785,0.0,0.7314652656158785,0.7314652656158785,0.0097,0.0097,1.0,-0.46364417869220853,selected_source_rich_top32,32,True,32,fixed_lr,0.21068630000809208,0.007035699998959899,33.0,1.0
consistency,harder_holdout,chrono_late_train_early_eval,M2_Enhanced_LOW_GUARD_top64_fixed_guard_LR,main_method,required,heldout_47_51,5,0.9932267950963223,0.9883133894403848,0.9539070131744536,0.9538820782253357,0.9500875656742556,0.0,0.9500875656742557,0.9500875656742557,0.0089,0.0089,1.0,-2.8655547549506384,selected_source_rich_top64,64,True,32,fixed_lr,0.4471399600035511,0.012993219995405526,65.0,1.0
consistency,harder_holdout,chrono_late_train_early_eval,M2_Enhanced_LOW_GUARD_top64_fixed_guard_LR,main_method,required,main_42_46,5,0.9932267950963223,0.9883133894403848,0.9539070131744536,0.9538820782253357,0.9500875656742556,0.0,0.9500875656742557,0.9500875656742557,0.0089,0.0089,1.0,-2.8655547549506384,selected_source_rich_top64,64,True,32,fixed_lr,0.49943109999876467,0.01703471998916939,65.0,1.0
consistency,harder_holdout,chrono_late_train_early_eval,M3_top64_no_guard_LR,component_ablation,required,heldout_47_51,5,0.6065561004086398,0.34834945955255503,0.4974874371859296,0.0,0.0,0.0,0.0,0.0,0.0096,0.0096,1.0,109.6071538200298,selected_source_rich_top64,64,True,32,fixed_lr,0.14199338001199066,0.012839699978940189,65.0,1.0
consistency,harder_holdout,chrono_late_train_early_eval,M3_top64_no_guard_LR,component_ablation,required,main_42_46,5,0.6065561004086398,0.34834945955255503,0.4974874371859296,0.0,0.0,0.0,0.0,0.0,0.0096,0.0096,1.0,109.6071538200298,selected_source_rich_top64,64,True,32,fixed_lr,0.15689112001564354,0.013932580000255258,65.0,1.0
consistency,harder_holdout,chrono_late_train_early_eval,M4_top64_random32_fixed_guard_LR,component_ablation,required,heldout_47_51,5,0.9759973380035026,0.9711697533780785,0.9534590641473567,0.9222416812609457,0.914068884997081,0.03425249619889763,0.8651488616462347,0.9600116754232341,0.00574,0.0082,1.0,-4.087696679221596,selected_source_rich_top64,64,True,32,fixed_lr,0.3571827200124972,0.012419060000684112,65.0,1.0
consistency,harder_holdout,chrono_late_train_early_eval,M4_top64_random32_fixed_guard_LR,component_ablation,required,main_42_46,5,0.9657485931115003,0.9578750752227213,0.93698909022638,0.894687682428488,0.878225335668418,0.05693168208532452,0.7845884413309983,0.9249854057209573,0.004739999999999999,0.0097,1.0,-3.733496340988033,selected_source_rich_top64,64,True,32,fixed_lr,0.4532846199930646,0.01292275998275727,65.0,1.0
consistency,harder_holdout,chrono_late_train_early_eval,M5_Isolation_Forest_top64,unsupervised_anomaly,required,heldout_47_51,5,0.9522091009924111,0.7811788725786366,0.5098883207631855,0.08143607705779335,0.110507880910683,0.11596559393994833,0.0002918855808523059,0.28021015761821366,0.011859999999999999,0.0151,0.0,0.6183127095413387,selected_source_rich_top64_frozen_main_protocol,64,False,0,iforest_n100_auto,0.16698444000212476,0.10222841997165233,100.0,1.0
consistency,harder_holdout,chrono_late_train_early_eval,M5_Isolation_Forest_top64,unsupervised_anomaly,required,main_42_46,5,0.9471638003502628,0.7559563658451246,0.5043477750691578,0.034617629889083484,0.041622883829538826,0.04241168803280245,0.0008756567425569177,0.09544658493870403,0.01148,0.0122,0.0,0.6197765790062251,selected_source_rich_top64_frozen_main_protocol,64,False,0,iforest_n100_auto,0.2073570599895902,0.11043354000430554,100.0,1.0
consistency,harder_holdout,chrono_late_train_early_eval,M6_OC_SVM_top64,unsupervised_anomaly,required,heldout_47_51,5,0.5042776182136602,0.38033218671758645,0.5308304511465677,0.1060128429655575,0.05440747227086982,0.0889247038980891,0.0,0.20986573263280794,0.00606,0.0147,0.8,-34.31957611403328,selected_source_rich_top64_frozen_main_protocol,64,False,0,sgd_ocsvm_nu001,0.026198160008061678,0.008290359994862228,65.0,1.0
consistency,harder_holdout,chrono_late_train_early_eval,M6_OC_SVM_top64,unsupervised_anomaly,required,main_42_46,5,0.30999752189141855,0.20871274041057158,0.5057271177838991,0.023000583771161702,0.006771745475773497,0.010464006477260705,0.0005837711617046118,0.025102159953298307,0.00596,0.0107,0.8,-35.645845761816936,selected_source_rich_top64_frozen_main_protocol,64,False,0,sgd_ocsvm_nu001,0.027916200004983693,0.008394099993165583,65.0,1.0
consistency,harder_holdout,chrono_late_train_early_eval,M7_HistGB_shallow_top64,nonlinear_tabular,required,heldout_47_51,5,0.9144401576182137,0.8735573137343063,0.8611613899247338,0.7302977232924693,0.7289550496205488,0.021703415326641502,0.7066549912434326,0.7621132516053707,0.0054,0.007,1.0,0.0017709185404611292,selected_source_rich_top64,64,True,32,histgb_depth2_iter50_lr005;histgb_depth3_iter50_lr005,0.17816601999802514,0.019751180009916425,50.0,1.0
consistency,harder_holdout,chrono_late_train_early_eval,M7_HistGB_shallow_top64,nonlinear_tabular,required,main_42_46,5,0.8839064681844716,0.8463230897024736,0.860119629085298,0.7265615878575599,0.7198482194979567,0.013224381900629087,0.7005253940455342,0.7340922358435493,0.00524,0.0057,1.0,0.0015909177060714694,selected_source_rich_top64,64,True,32,histgb_depth2_iter50_lr005;histgb_depth3_iter50_lr005,0.1803062199964188,0.020181219978258013,50.0,1.0
consistency,harder_holdout,chrono_late_train_early_eval,M8_DevNet_like_MLP_top64,fewshot_anomaly,required,heldout_47_51,5,0.957503093987157,0.9600097164804305,0.9521712473634958,0.923409223584355,0.9176882661996497,0.013515279512889939,0.8952130764740222,0.9290718038528897,0.00704,0.0093,1.0,0.005731889845337719,selected_source_rich_top64,64,True,32,mlp_h16_alpha001,2.042547600006219,0.014113979984540493,1057.0,1.0
consistency,harder_holdout,chrono_late_train_early_eval,M8_DevNet_like_MLP_top64,fewshot_anomaly,required,main_42_46,5,0.9537474255691769,0.9604526445195092,0.9516443865562488,0.9239346176298892,0.922650321074139,0.0033087519114870585,0.9191476941039113,0.9267367192060713,0.00766,0.0117,0.8,0.0056949628042057086,selected_source_rich_top64,64,True,32,mlp_h16_alpha001,1.950972299987916,0.011209820013027639,1057.0,1.0
consistency,harder_holdout,chrono_late_train_early_eval,M9_DeepSAD_like_center_top64,semisupervised_anomaly,required,heldout_47_51,5,0.8198431523642732,0.49251558693737857,0.49984657672483845,0.006654991243432574,0.0065382370110916525,0.00026107040017510683,0.00642148277875073,0.0070052539404553416,0.0082,0.0085,1.0,549.2035908813416,selected_source_rich_top64,64,True,32,center_lambda0;center_lambda1,0.018776020011864604,0.011077499995008112,128.0,1.0
consistency,harder_holdout,chrono_late_train_early_eval,M9_DeepSAD_like_center_top64,semisupervised_anomaly,required,main_42_46,5,0.819186141272621,0.49101849692582145,0.5000105606843324,0.0070052539404553416,0.006654991243432574,0.00031974463368661187,0.00642148277875073,0.0070052539404553416,0.0079,0.0085,1.0,877.8943779082974,selected_source_rich_top64,64,True,32,center_lambda0;center_lambda1;center_lambda2,0.01816511999350041,0.011261919990647584,128.0,1.0
consistency,harder_holdout,holdout_bin_2,M0_V1_original100_fixed_guard_LR,existing_detector_baseline,required,heldout_47_51,5,0.39120140949554894,0.40456989791595277,0.6620118396134977,0.3479228486646884,0.3264094955489614,0.0,0.3264094955489614,0.3264094955489614,0.0011,0.0011,1.0,-3.126371385544741,original100,100,True,32,fixed_lr,0.7982874199864455,0.020177879999391735,101.0,1.0
consistency,harder_holdout,holdout_bin_2,M0_V1_original100_fixed_guard_LR,existing_detector_baseline,required,main_42_46,5,0.39120140949554894,0.40456989791595277,0.6620118396134977,0.3479228486646884,0.3264094955489614,0.0,0.3264094955489614,0.3264094955489614,0.0011,0.0011,1.0,-3.126371385544741,original100,100,True,32,fixed_lr,0.7320833800011315,0.017484280001372098,101.0,1.0
consistency,harder_holdout,holdout_bin_2,M1_V2_top32_fixed_guard_LR,existing_detector_baseline,required,heldout_47_51,5,0.9406764094955488,0.8874848250315692,0.8888209593963886,0.8338278931750743,0.8093471810089021,0.0,0.8093471810089021,0.8093471810089021,0.006799999999999999,0.0068,1.0,-1.9876145615455427,selected_source_rich_top32,32,True,32,fixed_lr,0.15819593998603523,0.007253239990677685,33.0,1.0
consistency,harder_holdout,holdout_bin_2,M1_V2_top32_fixed_guard_LR,existing_detector_baseline,required,main_42_46,5,0.9406764094955488,0.8874848250315692,0.8888209593963886,0.8338278931750743,0.8093471810089021,0.0,0.8093471810089021,0.8093471810089021,0.006799999999999999,0.0068,1.0,-1.9876145615455427,selected_source_rich_top32,32,True,32,fixed_lr,0.1718734800000675,0.007155159988906234,33.0,1.0
consistency,harder_holdout,holdout_bin_2,M2_Enhanced_LOW_GUARD_top64_fixed_guard_LR,main_method,required,heldout_47_51,5,0.9959862759643915,0.9865837153127115,0.9734838882841508,0.9770029673590506,0.9740356083086054,0.0,0.9740356083086054,0.9740356083086054,0.0057,0.0057,1.0,-3.4616880163438504,selected_source_rich_top64,64,True,32,fixed_lr,0.5502245600102469,0.01472036000341177,65.0,1.0
consistency,harder_holdout,holdout_bin_2,M2_Enhanced_LOW_GUARD_top64_fixed_guard_LR,main_method,required,main_42_46,5,0.9959862759643915,0.9865837153127115,0.9734838882841508,0.9770029673590506,0.9740356083086054,0.0,0.9740356083086054,0.9740356083086054,0.0057,0.0057,1.0,-3.4616880163438504,selected_source_rich_top64,64,True,32,fixed_lr,0.47568142001982777,0.015219959989190101,65.0,1.0
consistency,harder_holdout,holdout_bin_2,M3_top64_no_guard_LR,component_ablation,required,heldout_47_51,5,0.787336943620178,0.345451240028634,0.5280333417830995,0.11498516320474779,0.11498516320474779,0.0,0.11498516320474778,0.11498516320474778,0.0101,0.0101,0.0,18.413058797626466,selected_source_rich_top64,64,True,32,fixed_lr,0.15913899999577552,0.012246759992558509,65.0,1.0
consistency,harder_holdout,holdout_bin_2,M3_top64_no_guard_LR,component_ablation,required,main_42_46,5,0.787336943620178,0.345451240028634,0.5280333417830995,0.11498516320474779,0.11498516320474779,0.0,0.11498516320474778,0.11498516320474778,0.0101,0.0101,0.0,18.413058797626466,selected_source_rich_top64,64,True,32,fixed_lr,0.14395886000711472,0.012653819995466619,65.0,1.0
consistency,harder_holdout,holdout_bin_2,M4_top64_random32_fixed_guard_LR,component_ablation,required,heldout_47_51,5,0.9803023442136499,0.9676424321847168,0.9591719726227577,0.9431750741839762,0.9232937685459941,0.034774010879252665,0.8775964391691394,0.9651335311572701,0.00466,0.0066,1.0,-4.378477979101405,selected_source_rich_top64,64,True,32,fixed_lr,0.4009923599893227,0.012701960001140832,65.0,1.0
consistency,harder_holdout,holdout_bin_2,M4_top64_random32_fixed_guard_LR,component_ablation,required,main_42_46,5,0.9682703709198813,0.9467145072170666,0.9365335579977037,0.8989614243323443,0.8553412462908012,0.05145235024494167,0.7789317507418397,0.9235905044510386,0.0032800000000000004,0.008,1.0,-2.1259460717004464,selected_source_rich_top64,64,True,32,fixed_lr,0.41632086001336577,0.01362574000377208,65.0,1.0
consistency,harder_holdout,holdout_bin_2,M5_Isolation_Forest_top64,unsupervised_anomaly,required,heldout_47_51,5,0.9436777299703264,0.5251720243209147,0.498418651119097,0.004747774480712166,0.005934718100890207,0.007903292193124078,0.0,0.018545994065281898,0.0109,0.0122,0.4,0.6326530780291759,selected_source_rich_top64_frozen_main_protocol,64,False,0,iforest_n100_auto,0.19377585999900476,0.1098625799990259,100.0,1.0
consistency,harder_holdout,holdout_bin_2,M5_Isolation_Forest_top64,unsupervised_anomaly,required,main_42_46,5,0.9464251632047478,0.5493130095303627,0.5014762238492164,0.029376854599406525,0.045548961424332346,0.04563249283027884,0.0,0.10014836795252226,0.01196,0.0131,0.2,0.635013801750058,selected_source_rich_top64_frozen_main_protocol,64,False,0,iforest_n100_auto,0.17775127997156231,0.10135102000785992,100.0,1.0
consistency,harder_holdout,holdout_bin_2,M6_OC_SVM_top64,unsupervised_anomaly,required,heldout_47_51,5,0.35723169139465877,0.13388302676585265,0.5144573013435128,0.04955489614243323,0.007863501483679525,0.011583157415004054,0.0,0.028189910979228485,0.006840000000000001,0.0114,0.8,-33.17165994491695,selected_source_rich_top64_frozen_main_protocol,64,False,0,sgd_ocsvm_nu001,0.029876659985166042,0.010512259986717254,65.0,1.0
consistency,harder_holdout,holdout_bin_2,M6_OC_SVM_top64,unsupervised_anomaly,required,main_42_46,5,0.2310591839762611,0.10194909018595388,0.5084442986445581,0.02982195845697329,0.029970326409495547,0.06618940307013124,0.0,0.14836795252225518,0.00924,0.0157,0.6,-34.90948581910736,selected_source_rich_top64_frozen_main_protocol,64,False,0,sgd_ocsvm_nu001,0.027726120012812317,0.00845694001764059,65.0,1.0
consistency,harder_holdout,holdout_bin_2,M7_HistGB_shallow_top64,nonlinear_tabular,required,heldout_47_51,5,0.9600066172106825,0.9120519154735209,0.9158823507016743,0.8566765578635014,0.8540059347181008,0.023355585253581477,0.8264094955489614,0.8835311572700296,0.007239999999999999,0.0097,1.0,0.0011717969002101299,selected_source_rich_top64,64,True,32,histgb_depth2_iter50_lr005;histgb_depth3_iter50_lr005,0.20829047999577596,0.02002594000659883,50.0,1.0
consistency,harder_holdout,holdout_bin_2,M7_HistGB_shallow_top64,nonlinear_tabular,required,main_42_46,5,0.9502669955489613,0.8960095564105046,0.9124383042810491,0.85,0.85,0.024023470210552515,0.8108308605341247,0.8664688427299704,0.009260000000000001,0.0107,0.8,0.000976526769379779,selected_source_rich_top64,64,True,32,histgb_depth2_iter50_lr005;histgb_depth3_iter50_lr005,0.1870378799852915,0.017255959974136204,50.0,1.0
consistency,harder_holdout,holdout_bin_2,M8_DevNet_like_MLP_top64,fewshot_anomaly,required,heldout_47_51,5,0.9135089243323442,0.8873237348262997,0.9185221359020621,0.8483679525222552,0.8405044510385757,0.004293708049996412,0.836053412462908,0.8464391691394659,0.00392,0.0057,1.0,0.008269037837698159,selected_source_rich_top64,64,True,32,mlp_h16_alpha001,2.3285061599919574,0.011587820004206151,1057.0,1.0
consistency,harder_holdout,holdout_bin_2,M8_DevNet_like_MLP_top64,fewshot_anomaly,required,main_42_46,5,0.9241105341246291,0.891816935250352,0.9178518706291099,0.8451038575667656,0.8369436201780415,0.0037607690966280547,0.8345697329376854,0.8434718100890207,0.00346,0.0048,1.0,0.010807281263079567,selected_source_rich_top64,64,True,32,mlp_h16_alpha001,1.8830712799914182,0.012080339982639998,1057.0,1.0
consistency,harder_holdout,holdout_bin_2,M9_DeepSAD_like_center_top64,semisupervised_anomaly,required,heldout_47_51,5,0.8959728041543027,0.4267544853031633,0.49845965733713077,0.004154302670623146,0.0034124629080118695,0.0004063223720364735,0.002967359050445104,0.00370919881305638,0.00786,0.009,1.0,1077.7768570678686,selected_source_rich_top64,64,True,32,center_lambda0;center_lambda1;center_lambda2,0.019549020007252692,0.010222819994669407,128.0,1.0
consistency,harder_holdout,holdout_bin_2,M9_DeepSAD_like_center_top64,semisupervised_anomaly,required,main_42_46,5,0.8963489910979228,0.4277454488067381,0.4985118470691738,0.0043026706231454005,0.003560830860534125,0.000331760827522224,0.002967359050445104,0.00370919881305638,0.0074800000000000005,0.009,1.0,1084.9563445678666,selected_source_rich_top64,64,True,32,center_lambda0;center_lambda1,0.020265900006052107,0.012466840003617108,128.0,1.0
consistency,primary_lowood,primary_lowood,M0_V1_original100_fixed_guard_LR,existing_detector_baseline,required,heldout_47_51,5,0.9925373090909092,0.9695076293611751,0.9378784833257197,0.9403636363636364,0.9294545454545455,0.0,0.9294545454545454,0.9294545454545454,0.0036,0.0036,1.0,-2.646479427395543,original100,100,True,32,fixed_lr,0.9276495600119233,0.017889820015989245,101.0,1.0
consistency,primary_lowood,primary_lowood,M0_V1_original100_fixed_guard_LR,existing_detector_baseline,required,main_42_46,5,0.9925373090909092,0.9695076293611751,0.9378784833257197,0.9403636363636364,0.9294545454545455,0.0,0.9294545454545454,0.9294545454545454,0.0036,0.0036,1.0,-2.646479427395543,original100,100,True,32,fixed_lr,0.8914663000265136,0.017807139991782607,101.0,1.0
consistency,primary_lowood,primary_lowood,M1_V2_top32_fixed_guard_LR,existing_detector_baseline,required,heldout_47_51,5,0.9546770181818183,0.9482192541507887,0.9582932846048424,0.9207272727272727,0.9243636363636364,0.0,0.9243636363636364,0.9243636363636364,0.0156,0.0156,0.0,-3.426404387097379,selected_source_rich_top32,32,True,32,fixed_lr,0.12999184000073,0.005910819990094751,33.0,1.0
consistency,primary_lowood,primary_lowood,M1_V2_top32_fixed_guard_LR,existing_detector_baseline,required,main_42_46,5,0.9546770181818183,0.9482192541507887,0.9582932846048424,0.9207272727272727,0.9243636363636364,0.0,0.9243636363636364,0.9243636363636364,0.0156,0.0156,0.0,-3.426404387097379,selected_source_rich_top32,32,True,32,fixed_lr,0.1310683999909088,0.006669160001911223,33.0,1.0
consistency,primary_lowood,primary_lowood,M2_Enhanced_LOW_GUARD_top64_fixed_guard_LR,main_method,required,heldout_47_51,5,0.9825818909090909,0.9706019839871669,0.9670278666057561,0.9512727272727272,0.9476363636363636,0.0,0.9476363636363636,0.9476363636363636,0.0037000000000000006,0.0037,1.0,-4.41641482616712,selected_source_rich_top64,64,True,32,fixed_lr,0.3640868600108661,0.011202020000200718,65.0,1.0
consistency,primary_lowood,primary_lowood,M2_Enhanced_LOW_GUARD_top64_fixed_guard_LR,main_method,required,main_42_46,5,0.9825818909090909,0.9706019839871669,0.9670278666057561,0.9512727272727272,0.9476363636363636,0.0,0.9476363636363636,0.9476363636363636,0.0037000000000000006,0.0037,1.0,-4.41641482616712,selected_source_rich_top64,64,True,32,fixed_lr,0.3314773599850014,0.011436699994374067,65.0,1.0
consistency,primary_lowood,primary_lowood,M3_top64_no_guard_LR,component_ablation,required,heldout_47_51,5,0.930527709090909,0.5730182759049401,0.4994536317953403,0.024,0.009454545454545455,0.0,0.009454545454545455,0.009454545454545455,0.0078,0.0078,1.0,13.478523128182468,selected_source_rich_top64,64,True,32,fixed_lr,0.12137838000198826,0.011936160002369434,65.0,1.0
consistency,primary_lowood,primary_lowood,M3_top64_no_guard_LR,component_ablation,required,main_42_46,5,0.930527709090909,0.5730182759049401,0.4994536317953403,0.024,0.009454545454545455,0.0,0.009454545454545455,0.009454545454545455,0.0078,0.0078,1.0,13.478523128182468,selected_source_rich_top64,64,True,32,fixed_lr,0.11492520000319928,0.010997780016623437,65.0,1.0
consistency,primary_lowood,primary_lowood,M4_top64_random32_fixed_guard_LR,component_ablation,required,heldout_47_51,5,0.9742570327272727,0.9627006964535052,0.9684860666971218,0.9434181818181818,0.9393454545454546,0.027432742697383106,0.904,0.9723636363636363,0.0045,0.0086,1.0,-3.563315266052456,selected_source_rich_top64,64,True,32,fixed_lr,0.32759892001049595,0.010902659979183226,65.0,1.0
consistency,primary_lowood,primary_lowood,M4_top64_random32_fixed_guard_LR,component_ablation,required,main_42_46,5,0.9789303127272728,0.9684138840564792,0.970611603471905,0.9503999999999999,0.944,0.013923047068419361,0.9221818181818182,0.9578181818181818,0.004059999999999999,0.0072,1.0,-3.754668478319939,selected_source_rich_top64,64,True,32,fixed_lr,0.3167075199773535,0.01010856000939384,65.0,1.0
consistency,primary_lowood,primary_lowood,M5_Isolation_Forest_top64,unsupervised_anomaly,required,heldout_47_51,5,0.9437041890909091,0.5464808941492757,0.5067285518501599,0.04872727272727272,0.10574545454545455,0.06650788805513012,0.005818181818181818,0.1869090909090909,0.01646,0.0174,0.0,0.5999329306684467,selected_source_rich_top64_frozen_main_protocol,64,False,0,iforest_n100_auto,0.159878859994933,0.0918565799947828,100.0,1.0
consistency,primary_lowood,primary_lowood,M5_Isolation_Forest_top64,unsupervised_anomaly,required,main_42_46,5,0.9434921454545455,0.5418735763216561,0.507239470077661,0.04436363636363636,0.08130909090909091,0.05447364970696101,0.02327272727272727,0.1469090909090909,0.0147,0.0181,0.0,0.5992769306839192,selected_source_rich_top64_frozen_main_protocol,64,False,0,iforest_n100_auto,0.1621563400141895,0.09337122001452372,100.0,1.0
consistency,primary_lowood,primary_lowood,M6_OC_SVM_top64,unsupervised_anomaly,required,heldout_47_51,5,0.46928136727272723,0.31136643476632714,0.5815703974417542,0.2136727272727273,0.06647272727272727,0.09278016316910608,0.0,0.208,0.00636,0.0112,0.8,-39.0942797401237,selected_source_rich_top64_frozen_main_protocol,64,False,0,sgd_ocsvm_nu001,0.02524720000801608,0.008651860000099987,65.0,1.0
consistency,primary_lowood,primary_lowood,M6_OC_SVM_top64,unsupervised_anomaly,required,main_42_46,5,0.2443062618181818,0.1953204331989745,0.5451870260392873,0.11476363636363636,0.0,0.0,0.0,0.0,0.00594,0.0098,1.0,-36.86707486981713,selected_source_rich_top64_frozen_main_protocol,64,False,0,sgd_ocsvm_nu001,0.024908979993779213,0.007168439996894449,65.0,1.0
consistency,primary_lowood,primary_lowood,M7_HistGB_shallow_top64,nonlinear_tabular,required,heldout_47_51,5,0.977911730909091,0.9510725772876191,0.9527529228634757,0.9112727272727273,0.9085090909090908,0.005203940020363164,0.901090909090909,0.9141818181818182,0.00526,0.0082,1.0,0.0005127120310866634,selected_source_rich_top64,64,True,32,histgb_depth2_iter50_lr005;histgb_depth3_iter50_lr005,0.18666515999939293,0.02042054000776261,50.0,1.0
consistency,primary_lowood,primary_lowood,M7_HistGB_shallow_top64,nonlinear_tabular,required,main_42_46,5,0.9627295927272728,0.92577651191065,0.9371924765307573,0.8974545454545455,0.8654545454545455,0.09448249652057426,0.6967272727272728,0.9127272727272727,0.00448,0.0079,1.0,0.0004849165259005166,selected_source_rich_top64,64,True,32,histgb_depth2_iter50_lr005;histgb_depth3_iter50_lr005,0.18638635999523104,0.02058653999119997,50.0,1.0
consistency,primary_lowood,primary_lowood,M8_DevNet_like_MLP_top64,fewshot_anomaly,required,heldout_47_51,5,0.9923390254545454,0.9823839010528683,0.9658057560529922,0.9598545454545455,0.9509818181818183,0.00861442188790463,0.9367272727272727,0.9592727272727273,0.0055,0.0068,1.0,0.003871854645968437,selected_source_rich_top64,64,True,32,mlp_h16_alpha001,1.1157550599775277,0.010651400010101498,1057.0,1.0
consistency,primary_lowood,primary_lowood,M8_DevNet_like_MLP_top64,fewshot_anomaly,required,main_42_46,5,0.9880128872727273,0.9758212029672746,0.960024120603015,0.9521454545454546,0.9480727272727272,0.013843039841960817,0.9243636363636364,0.9585454545454546,0.007000000000000001,0.0084,1.0,0.0034982485453714874,selected_source_rich_top64,64,True,32,mlp_h16_alpha001,1.0718309399904684,0.009850079996977002,1057.0,1.0
consistency,primary_lowood,primary_lowood,M9_DeepSAD_like_center_top64,semisupervised_anomaly,required,heldout_47_51,5,0.8305622690909089,0.3131656296452645,0.5009988122430334,0.012363636363636365,0.017454545454545455,0.008131156281817417,0.013818181818181818,0.032,0.01254,0.0135,0.0,631.7656574096645,selected_source_rich_top64,64,True,32,center_lambda1;center_lambda2,0.018740519997663796,0.011751939996611328,128.0,1.0
consistency,primary_lowood,primary_lowood,M9_DeepSAD_like_center_top64,semisupervised_anomaly,required,main_42_46,5,0.8305622690909089,0.3131656296452645,0.5009988122430334,0.012363636363636365,0.017454545454545455,0.008131156281817417,0.013818181818181818,0.032,0.01254,0.0135,0.0,631.7656574096645,selected_source_rich_top64,64,True,32,center_lambda1;center_lambda2,0.01771370000205934,0.010221279982943088,128.0,1.0
locked,locked_harder_holdout,holdout_bin_5,M0_V1_original100_fixed_guard_LR,existing_detector_baseline,required,heldout_47_51,5,0.9955963511972634,0.9750327295349486,0.9591572457498438,0.9828962371721779,0.9669327251995439,0.0,0.9669327251995439,0.9669327251995439,0.0019,0.0019,1.0,-2.4168281315697695,original100,100,True,32,fixed_lr,1.2834522199817002,0.021855100011453032,101.0,1.0
locked,locked_harder_holdout,holdout_bin_5,M0_V1_original100_fixed_guard_LR,existing_detector_baseline,required,main_42_46,5,0.9955963511972634,0.9750327295349486,0.9591572457498438,0.9828962371721779,0.9669327251995439,0.0,0.9669327251995439,0.9669327251995439,0.0019,0.0019,1.0,-2.4168281315697695,original100,100,True,32,fixed_lr,1.271358119987417,0.021223199984524398,101.0,1.0
locked,locked_harder_holdout,holdout_bin_5,M1_V2_top32_fixed_guard_LR,existing_detector_baseline,required,heldout_47_51,5,0.9710210946408211,0.9684459575495559,0.9742555422494457,0.9669327251995439,0.9680729760547321,0.0,0.9680729760547321,0.9680729760547321,0.0169,0.0169,0.0,-2.7649186566996478,selected_source_rich_top32,32,True,32,fixed_lr,0.20533784000435845,0.008288400014862418,33.0,1.0
locked,locked_harder_holdout,holdout_bin_5,M1_V2_top32_fixed_guard_LR,existing_detector_baseline,required,main_42_46,5,0.9710210946408211,0.9684459575495559,0.9742555422494457,0.9669327251995439,0.9680729760547321,0.0,0.9680729760547321,0.9680729760547321,0.0169,0.0169,0.0,-2.7649186566996478,selected_source_rich_top32,32,True,32,fixed_lr,0.17662735999329016,0.006693760002963245,33.0,1.0
locked,locked_harder_holdout,holdout_bin_5,M2_Enhanced_LOW_GUARD_top64_fixed_guard_LR,main_method,required,heldout_47_51,5,0.9811110604332953,0.9727854578991535,0.9830738641898202,0.9680729760547321,0.9680729760547321,0.0,0.9680729760547321,0.9680729760547321,0.0045,0.0045,1.0,-4.102580408336336,selected_source_rich_top64,64,True,32,fixed_lr,0.4554048000019975,0.012977260013576597,65.0,1.0
locked,locked_harder_holdout,holdout_bin_5,M2_Enhanced_LOW_GUARD_top64_fixed_guard_LR,main_method,required,main_42_46,5,0.9811110604332953,0.9727854578991535,0.9830738641898202,0.9680729760547321,0.9680729760547321,0.0,0.9680729760547321,0.9680729760547321,0.0045,0.0045,1.0,-4.102580408336336,selected_source_rich_top64,64,True,32,fixed_lr,0.36718572000972927,0.014051499997731299,65.0,1.0
locked,locked_harder_holdout,holdout_bin_5,M3_top64_no_guard_LR,component_ablation,required,heldout_47_51,5,0.9267826681870013,0.41135281277860847,0.4974874371859296,0.0,0.0,0.0,0.0,0.0,0.0082,0.0082,1.0,52.19129488107835,selected_source_rich_top64,64,True,32,fixed_lr,0.13175988000584765,0.013843900011852383,65.0,1.0
locked,locked_harder_holdout,holdout_bin_5,M3_top64_no_guard_LR,component_ablation,required,main_42_46,5,0.9267826681870013,0.41135281277860847,0.4974874371859296,0.0,0.0,0.0,0.0,0.0,0.0082,0.0082,1.0,52.19129488107835,selected_source_rich_top64,64,True,32,fixed_lr,0.1371833199984394,0.012818760005757213,65.0,1.0
locked,locked_harder_holdout,holdout_bin_5,M4_top64_random32_fixed_guard_LR,component_ablation,required,heldout_47_51,5,0.9842749372862029,0.9742378106308198,0.9782447012714657,0.9623717217787913,0.9573546180159636,0.010592678825535776,0.9395667046750285,0.9680729760547321,0.00414,0.0088,1.0,-4.220198167696037,selected_source_rich_top64,64,True,32,fixed_lr,0.3955960999825038,0.012034839985426515,65.0,1.0
locked,locked_harder_holdout,holdout_bin_5,M4_top64_random32_fixed_guard_LR,component_ablation,required,main_42_46,5,0.9898959863169898,0.9823881468389685,0.9834680815709105,0.9721778791334094,0.96442417331813,0.008956596071450626,0.9498289623717218,0.9726339794754846,0.0029,0.0072,1.0,-3.1998973439229745,selected_source_rich_top64,64,True,32,fixed_lr,0.513219339994248,0.013526260026264936,65.0,1.0
locked,locked_harder_holdout,holdout_bin_5,M5_Isolation_Forest_top64,unsupervised_anomaly,required,heldout_47_51,5,0.945304196123147,0.41909890452013254,0.4983847401202134,0.0036488027366020524,0.020068415051311288,0.019759596540188096,0.0034207525655644243,0.053591790193842644,0.01464,0.0171,0.0,0.6166781275310298,selected_source_rich_top64_frozen_main_protocol,64,False,0,iforest_n100_auto,0.18265726001700386,0.10111465998925269,100.0,1.0
locked,locked_harder_holdout,holdout_bin_5,M5_Isolation_Forest_top64,unsupervised_anomaly,required,main_42_46,5,0.9485417787913342,0.4378356888476874,0.49967855239710524,0.01345496009122007,0.03238312428734321,0.013697255982162143,0.009122006841505131,0.04104903078677309,0.01454,0.0162,0.0,0.6141415207227441,selected_source_rich_top64_frozen_main_protocol,64,False,0,iforest_n100_auto,0.17806944000767544,0.10021054000826553,100.0,1.0
locked,locked_harder_holdout,holdout_bin_5,M6_OC_SVM_top64,unsupervised_anomaly,required,heldout_47_51,5,0.42898942987457234,0.19464361403391853,0.5460013866367184,0.12953249714937287,0.09783352337514253,0.13608787669780642,0.0,0.2919042189281642,0.0063,0.0083,1.0,-36.373656934864,selected_source_rich_top64_frozen_main_protocol,64,False,0,sgd_ocsvm_nu001,0.029230800003279,0.009249300009105354,65.0,1.0
locked,locked_harder_holdout,holdout_bin_5,M6_OC_SVM_top64,unsupervised_anomaly,required,main_42_46,5,0.2333848574686431,0.055990343285728786,0.5004360456787931,0.010034207525655644,0.005473204104903079,0.009381985145142173,0.0,0.021664766248574687,0.0048000000000000004,0.0116,0.8,-33.85520757851346,selected_source_rich_top64_frozen_main_protocol,64,False,0,sgd_ocsvm_nu001,0.02860194002278149,0.01014266002457589,65.0,1.0
locked,locked_harder_holdout,holdout_bin_5,M7_HistGB_shallow_top64,nonlinear_tabular,required,heldout_47_51,5,0.9661680501710377,0.9126534522759112,0.9233441040832616,0.8946408209806158,0.8935005701254276,0.1654770761352722,0.5974914481185861,0.9680729760547321,0.00544,0.0081,1.0,0.0005427872046633734,selected_source_rich_top64,64,True,32,histgb_depth2_iter50_lr005;histgb_depth3_iter50_lr005,0.19822770000901074,0.02059543998911977,50.0,1.0
locked,locked_harder_holdout,holdout_bin_5,M7_HistGB_shallow_top64,nonlinear_tabular,required,main_42_46,5,0.9919394868871152,0.9679018106949359,0.9642276376179645,0.958950969213227,0.958950969213227,0.019148067986028115,0.9247434435575826,0.9680729760547321,0.00694,0.0076,1.0,0.00040371580149702236,selected_source_rich_top64,64,True,32,histgb_depth2_iter50_lr005;histgb_depth3_iter50_lr005,0.21661405999911948,0.02114896000130102,50.0,1.0
locked,locked_harder_holdout,holdout_bin_5,M8_DevNet_like_MLP_top64,fewshot_anomaly,required,heldout_47_51,5,0.9873733865450397,0.9757881115743607,0.9714066340826137,0.9673888255416191,0.9657924743443557,0.0011402508551881275,0.9646522234891676,0.9669327251995439,0.0060999999999999995,0.0076,1.0,0.004367089413350922,selected_source_rich_top64,64,True,32,mlp_h16_alpha001,1.4898415000294336,0.012093960004858673,1057.0,1.0
locked,locked_harder_holdout,holdout_bin_5,M8_DevNet_like_MLP_top64,fewshot_anomaly,required,main_42_46,5,0.986267023945268,0.9752049745766677,0.9735966033130303,0.9667046750285063,0.9655644241733181,0.0031640677139136903,0.9600912200684151,0.9680729760547321,0.00652,0.0083,1.0,0.0041041788560571375,selected_source_rich_top64,64,True,32,mlp_h16_alpha001,1.4531482400139795,0.01299745999276638,1057.0,1.0
locked,locked_harder_holdout,holdout_bin_5,M9_DeepSAD_like_center_top64,semisupervised_anomaly,required,heldout_47_51,5,0.8264618472063854,0.22511391745029927,0.5040069217237843,0.042873432155074116,0.04720638540478905,0.018867620334661855,0.03876852907639681,0.08095781071835804,0.01168,0.0124,0.0,503.3730179199212,selected_source_rich_top64,64,True,32,center_lambda1;center_lambda2,0.023427060013636945,0.013471360004041344,128.0,1.0
locked,locked_harder_holdout,holdout_bin_5,M9_DeepSAD_like_center_top64,semisupervised_anomaly,required,main_42_46,5,0.8263296693272519,0.23004843944629302,0.5086000126057884,0.05792474344355758,0.06408209806157354,0.02310802124024076,0.03876852907639681,0.08095781071835804,0.012039999999999999,0.0124,0.0,586.5399887420651,selected_source_rich_top64,64,True,32,center_lambda1;center_lambda2,0.020370199985336512,0.011698659998364747,128.0,1.0
locked,locked_harder_holdout,holdout_bin_6,M0_V1_original100_fixed_guard_LR,existing_detector_baseline,required,heldout_47_51,5,0.9975887112887112,0.9819863143858635,0.9610841419886647,0.993006993006993,0.979020979020979,0.0,0.9790209790209791,0.9790209790209791,0.0019,0.0019,1.0,-2.3665623121180643,original100,100,True,32,fixed_lr,1.1295933199930004,0.019464000000152738,101.0,1.0
locked,locked_harder_holdout,holdout_bin_6,M0_V1_original100_fixed_guard_LR,existing_detector_baseline,required,main_42_46,5,0.9975887112887112,0.9819863143858635,0.9610841419886647,0.993006993006993,0.979020979020979,0.0,0.9790209790209791,0.9790209790209791,0.0019,0.0019,1.0,-2.3665623121180643,original100,100,True,32,fixed_lr,1.302933460008353,0.01893264000536874,101.0,1.0
locked,locked_harder_holdout,holdout_bin_6,M1_V2_top32_fixed_guard_LR,existing_detector_baseline,required,heldout_47_51,5,0.9701308691308693,0.9706916609448193,0.9755520861048499,0.97002997002997,0.97002997002997,0.0,0.97002997002997,0.97002997002997,0.0184,0.0184,0.0,-2.9855315406396192,selected_source_rich_top32,32,True,32,fixed_lr,0.1342530200141482,0.006075539998710156,33.0,1.0
locked,locked_harder_holdout,holdout_bin_6,M1_V2_top32_fixed_guard_LR,existing_detector_baseline,required,main_42_46,5,0.9701308691308693,0.9706916609448193,0.9755520861048499,0.97002997002997,0.97002997002997,0.0,0.97002997002997,0.97002997002997,0.0184,0.0184,0.0,-2.9855315406396192,selected_source_rich_top32,32,True,32,fixed_lr,0.18761340000201016,0.00885508001083508,33.0,1.0
locked,locked_harder_holdout,holdout_bin_6,M2_Enhanced_LOW_GUARD_top64_fixed_guard_LR,main_method,required,heldout_47_51,5,0.9826834165834166,0.9750582019196734,0.9841615670761399,0.97002997002997,0.97002997002997,0.0,0.97002997002997,0.97002997002997,0.0045,0.0045,1.0,-4.118561382207412,selected_source_rich_top64,64,True,32,fixed_lr,0.3567653400008567,0.010519640019629151,65.0,1.0
locked,locked_harder_holdout,holdout_bin_6,M2_Enhanced_LOW_GUARD_top64_fixed_guard_LR,main_method,required,main_42_46,5,0.9826834165834166,0.9750582019196734,0.9841615670761399,0.97002997002997,0.97002997002997,0.0,0.97002997002997,0.97002997002997,0.0045,0.0045,1.0,-4.118561382207412,selected_source_rich_top64,64,True,32,fixed_lr,0.44407725998898967,0.012125279998872428,65.0,1.0
locked,locked_harder_holdout,holdout_bin_6,M3_top64_no_guard_LR,component_ablation,required,heldout_47_51,5,0.931433166833167,0.450917408095004,0.4974874371859296,0.0,0.0,0.0,0.0,0.0,0.0082,0.0082,1.0,52.262188785100285,selected_source_rich_top64,64,True,32,fixed_lr,0.12199107998749241,0.011558240011800081,65.0,1.0
locked,locked_harder_holdout,holdout_bin_6,M3_top64_no_guard_LR,component_ablation,required,main_42_46,5,0.931433166833167,0.450917408095004,0.4974874371859296,0.0,0.0,0.0,0.0,0.0,0.0082,0.0082,1.0,52.262188785100285,selected_source_rich_top64,64,True,32,fixed_lr,0.1449599800282158,0.012350640003569424,65.0,1.0
locked,locked_harder_holdout,holdout_bin_6,M4_top64_random32_fixed_guard_LR,component_ablation,required,heldout_47_51,5,0.9923365034965034,0.986148233129334,0.9862991280076707,0.9762237762237762,0.9710289710289711,0.013458734850457016,0.9590409590409591,0.987012987012987,0.0028799999999999997,0.0059,1.0,-4.346557473900747,selected_source_rich_top64,64,True,32,fixed_lr,0.3900200400035828,0.01221618001582101,65.0,1.0
locked,locked_harder_holdout,holdout_bin_6,M4_top64_random32_fixed_guard_LR,component_ablation,required,main_42_46,5,0.9883188411588412,0.9788695662256213,0.9801665671012405,0.9686313686313686,0.9640359640359641,0.007960727997257411,0.952047952047952,0.971028971028971,0.0034000000000000002,0.007,1.0,-3.931834528739394,selected_source_rich_top64,64,True,32,fixed_lr,0.4217748799943365,0.014787599991541356,65.0,1.0
locked,locked_harder_holdout,holdout_bin_6,M5_Isolation_Forest_top64,unsupervised_anomaly,required,heldout_47_51,5,0.9446271528471529,0.45604732925861147,0.49886395012023155,0.01818181818181818,0.06013986013986015,0.06702768149888284,0.011988011988011988,0.17682317682317683,0.014960000000000001,0.0169,0.0,0.6103552252031017,selected_source_rich_top64_frozen_main_protocol,64,False,0,iforest_n100_auto,0.19096339999232442,0.09980041998205706,100.0,1.0
locked,locked_harder_holdout,holdout_bin_6,M5_Isolation_Forest_top64,unsupervised_anomaly,required,main_42_46,5,0.9545914885114886,0.5129385761750471,0.5077927098027601,0.05134865134865135,0.09950049950049951,0.09184997945633422,0.015984015984015984,0.24075924075924077,0.016059999999999998,0.0172,0.0,0.6093072454468174,selected_source_rich_top64_frozen_main_protocol,64,False,0,iforest_n100_auto,0.21772311999229715,0.1094476999831386,100.0,1.0
locked,locked_harder_holdout,holdout_bin_6,M6_OC_SVM_top64,unsupervised_anomaly,required,heldout_47_51,5,0.4771316683316683,0.25136169374045736,0.5602397602397602,0.1758241758241758,0.0957042957042957,0.1283442209437637,0.0,0.25674325674325676,0.00506,0.0095,1.0,-35.077466943201536,selected_source_rich_top64_frozen_main_protocol,64,False,0,sgd_ocsvm_nu001,0.030345040000975133,0.009431059984490276,65.0,1.0
locked,locked_harder_holdout,holdout_bin_6,M6_OC_SVM_top64,unsupervised_anomaly,required,main_42_46,5,0.29468261738261736,0.07184710383999139,0.5014221958945577,0.01138861138861139,0.007392607392607392,0.009828870230768305,0.0,0.023976023976023976,0.00552,0.0119,0.8,-33.85779351114129,selected_source_rich_top64_frozen_main_protocol,64,False,0,sgd_ocsvm_nu001,0.03186863999580965,0.008849780005402864,65.0,1.0
locked,locked_harder_holdout,holdout_bin_6,M7_HistGB_shallow_top64,nonlinear_tabular,required,heldout_47_51,5,0.9653742857142857,0.9151633547074421,0.9233514031388015,0.8963036963036963,0.8953046953046954,0.1648660401562287,0.6003996003996004,0.97002997002997,0.00564,0.0081,1.0,0.0005860333153656926,selected_source_rich_top64,64,True,32,histgb_depth2_iter50_lr005;histgb_depth3_iter50_lr005,0.17644717999501153,0.020618440012913197,50.0,1.0
locked,locked_harder_holdout,holdout_bin_6,M7_HistGB_shallow_top64,nonlinear_tabular,required,main_42_46,5,0.9896197602397603,0.9671403092501036,0.9632744140281829,0.9564435564435565,0.9562437562437562,0.028082413846447524,0.906093906093906,0.97002997002997,0.006900000000000001,0.0076,1.0,0.00040232324929161486,selected_source_rich_top64,64,True,32,histgb_depth2_iter50_lr005;histgb_depth3_iter50_lr005,0.20545952001120896,0.020430020021740346,50.0,1.0
locked,locked_harder_holdout,holdout_bin_6,M8_DevNet_like_MLP_top64,fewshot_anomaly,required,heldout_47_51,5,0.9912613586413587,0.9822858865354742,0.9747137284825726,0.9688311688311689,0.9678321678321679,0.004964944511404226,0.9590409590409591,0.971028971028971,0.0072,0.0101,0.8,0.0042556485781097084,selected_source_rich_top64,64,True,32,mlp_h16_alpha001,1.3345672599854879,0.011549500003457069,1057.0,1.0
locked,locked_harder_holdout,holdout_bin_6,M8_DevNet_like_MLP_top64,fewshot_anomaly,required,main_42_46,5,0.9912815384615385,0.9823299796468538,0.9731514716439339,0.9668331668331668,0.9646353646353646,0.0038432335787555102,0.9590409590409591,0.9690309690309691,0.0071,0.0104,0.8,0.0037171921386034206,selected_source_rich_top64,64,True,32,mlp_h16_alpha001,1.431776460004039,0.012498719990253449,1057.0,1.0
locked,locked_harder_holdout,holdout_bin_6,M9_DeepSAD_like_center_top64,semisupervised_anomaly,required,heldout_47_51,5,0.8433684115884116,0.27686093735807865,0.5044724120101005,0.04375624375624376,0.05514485514485514,0.016083605832166323,0.04795204795204795,0.08391608391608392,0.01162,0.0125,0.0,517.9505862121563,selected_source_rich_top64,64,True,32,center_lambda1;center_lambda2,0.019836679997388272,0.011285219993442296,128.0,1.0
locked,locked_harder_holdout,holdout_bin_6,M9_DeepSAD_like_center_top64,semisupervised_anomaly,required,main_42_46,5,0.8433045554445554,0.27995331300413745,0.507360980727815,0.05154845154845156,0.06233766233766234,0.019698313756429553,0.04795204795204795,0.08391608391608392,0.01184,0.0125,0.0,560.8722176132187,selected_source_rich_top64,64,True,32,center_lambda1;center_lambda2,0.023166879976633935,0.01179851999040693,128.0,1.0
locked,locked_harder_holdout,holdout_bin_7,M0_V1_original100_fixed_guard_LR,existing_detector_baseline,required,heldout_47_51,5,0.9995863277826468,0.9929562665632116,0.9792124513892864,1.0,0.9973707274320771,0.0,0.9973707274320771,0.9973707274320771,0.002,0.002,1.0,-2.3126683191097466,original100,100,True,32,fixed_lr,1.0153733600047417,0.018758039991371333,101.0,1.0
locked,locked_harder_holdout,holdout_bin_7,M0_V1_original100_fixed_guard_LR,existing_detector_baseline,required,main_42_46,5,0.9995863277826468,0.9929562665632116,0.9792124513892864,1.0,0.9973707274320771,0.0,0.9973707274320771,0.9973707274320771,0.002,0.002,1.0,-2.3126683191097466,original100,100,True,32,fixed_lr,0.9911924400017597,0.01875105999642983,101.0,1.0
locked,locked_harder_holdout,holdout_bin_7,M1_V2_top32_fixed_guard_LR,existing_detector_baseline,required,heldout_47_51,5,0.9781858019281333,0.9802870397914993,0.9888002677718127,0.9780893952673095,0.9780893952673095,0.0,0.9780893952673094,0.9780893952673094,0.0168,0.0168,0.0,-2.8243662522618793,selected_source_rich_top32,32,True,32,fixed_lr,0.14686134000075982,0.006664019997697323,33.0,1.0
locked,locked_harder_holdout,holdout_bin_7,M1_V2_top32_fixed_guard_LR,existing_detector_baseline,required,main_42_46,5,0.9781858019281333,0.9802870397914993,0.9888002677718127,0.9780893952673095,0.9780893952673095,0.0,0.9780893952673094,0.9780893952673094,0.0168,0.0168,0.0,-2.8243662522618793,selected_source_rich_top32,32,True,32,fixed_lr,0.14263249998912214,0.006569119985215366,33.0,1.0
locked,locked_harder_holdout,holdout_bin_7,M2_Enhanced_LOW_GUARD_top64_fixed_guard_LR,main_method,required,heldout_47_51,5,0.9819418054338301,0.9804776193977849,0.9873292844591053,0.9780893952673095,0.9780893952673095,0.0,0.9780893952673094,0.9780893952673094,0.0041,0.0041,1.0,-4.067457114802276,selected_source_rich_top64,64,True,32,fixed_lr,0.42255278000375257,0.012204019981436432,65.0,1.0
locked,locked_harder_holdout,holdout_bin_7,M2_Enhanced_LOW_GUARD_top64_fixed_guard_LR,main_method,required,main_42_46,5,0.9819418054338301,0.9804776193977849,0.9873292844591053,0.9780893952673095,0.9780893952673095,0.0,0.9780893952673094,0.9780893952673094,0.0041,0.0041,1.0,-4.067457114802276,selected_source_rich_top64,64,True,32,fixed_lr,0.39189385999925436,0.012209099996834994,65.0,1.0
locked,locked_harder_holdout,holdout_bin_7,M3_top64_no_guard_LR,component_ablation,required,heldout_47_51,5,0.9433900964066609,0.5129007480695674,0.4974874371859296,0.0,0.0,0.0,0.0,0.0,0.0079,0.0079,1.0,71.18712401964892,selected_source_rich_top64,64,True,32,fixed_lr,0.14660425998736173,0.01260058000916615,65.0,1.0
locked,locked_harder_holdout,holdout_bin_7,M3_top64_no_guard_LR,component_ablation,required,main_42_46,5,0.9433900964066609,0.5129007480695674,0.4974874371859296,0.0,0.0,0.0,0.0,0.0,0.0079,0.0079,1.0,71.18712401964892,selected_source_rich_top64,64,True,32,fixed_lr,0.1313987400033511,0.011540819983929395,65.0,1.0
locked,locked_harder_holdout,holdout_bin_7,M4_top64_random32_fixed_guard_LR,component_ablation,required,heldout_47_51,5,0.9912911481156879,0.9870224054087855,0.9889350345064498,0.9815950920245399,0.9780893952673095,0.011376647664984372,0.9666958808063103,0.9964943032427696,0.0038199999999999996,0.0103,0.8,-4.18325865659215,selected_source_rich_top64,64,True,32,fixed_lr,0.3828970000031404,0.013705380004830658,65.0,1.0
locked,locked_harder_holdout,holdout_bin_7,M4_top64_random32_fixed_guard_LR,component_ablation,required,main_42_46,5,0.9941758457493428,0.9900406933192902,0.9884259157311537,0.9817703768624014,0.9777388255915863,0.014932683954765269,0.9623137598597721,0.9947414548641542,0.0028799999999999997,0.0048,1.0,-2.852504020633036,selected_source_rich_top64,64,True,32,fixed_lr,0.4222093200078234,0.011254140001256019,65.0,1.0
locked,locked_harder_holdout,holdout_bin_7,M5_Isolation_Forest_top64,unsupervised_anomaly,required,heldout_47_51,5,0.9520412971078003,0.5166567977412113,0.5035792459228658,0.025241016652059595,0.06625766871165643,0.08485171296663224,0.0035056967572304996,0.2042068361086766,0.014119999999999999,0.0178,0.0,0.615530966395799,selected_source_rich_top64_frozen_main_protocol,64,False,0,iforest_n100_auto,0.18177947998046876,0.09852979999268427,100.0,1.0
locked,locked_harder_holdout,holdout_bin_7,M5_Isolation_Forest_top64,unsupervised_anomaly,required,main_42_46,5,0.9518530937773881,0.5131735904132337,0.5052440114683849,0.03260297984224365,0.05118317265556529,0.04391576127192305,0.0,0.11042944785276074,0.01266,0.014,0.0,0.6111616077189125,selected_source_rich_top64_frozen_main_protocol,64,False,0,iforest_n100_auto,0.17292287999298422,0.09502952001057566,100.0,1.0
locked,locked_harder_holdout,holdout_bin_7,M6_OC_SVM_top64,unsupervised_anomaly,required,heldout_47_51,5,0.4327453461875548,0.2511037344699,0.5526915911723385,0.15267309377738825,0.006310254163014899,0.013625507301241029,0.0,0.03067484662576687,0.0081,0.0156,0.6,-32.866957563027306,selected_source_rich_top64_frozen_main_protocol,64,False,0,sgd_ocsvm_nu001,0.027208139991853387,0.008772940002381801,65.0,1.0
locked,locked_harder_holdout,holdout_bin_7,M6_OC_SVM_top64,unsupervised_anomaly,required,main_42_46,5,0.16935642418930763,0.06433324326307759,0.49875230666919174,0.004907975460122699,0.0021034180543382996,0.00228543467316482,0.0,0.0052585451358457495,0.00712,0.0116,0.8,-33.737743759499565,selected_source_rich_top64_frozen_main_protocol,64,False,0,sgd_ocsvm_nu001,0.026703320001251994,0.008937759988475591,65.0,1.0
locked,locked_harder_holdout,holdout_bin_7,M7_HistGB_shallow_top64,nonlinear_tabular,required,heldout_47_51,5,0.9972662401402278,0.985859349119903,0.9874341030304897,0.9780893952673095,0.9780893952673095,0.0,0.9780893952673094,0.9780893952673094,0.00786,0.0123,0.6,0.0008219563019869881,selected_source_rich_top64,64,True,32,histgb_depth2_iter50_lr005;histgb_depth3_iter50_lr005,0.19547000001184642,0.02212423998862505,50.0,1.0
locked,locked_harder_holdout,holdout_bin_7,M7_HistGB_shallow_top64,nonlinear_tabular,required,main_42_46,5,0.9972166170026293,0.9854564900325238,0.9838329423217441,0.9766871165644172,0.9714285714285715,0.014894054889569167,0.9447852760736196,0.9780893952673094,0.00458,0.0114,0.8,0.000745558287044118,selected_source_rich_top64,64,True,32,histgb_depth2_iter50_lr005;histgb_depth3_iter50_lr005,0.18729593998286873,0.020689740008674563,50.0,1.0
locked,locked_harder_holdout,holdout_bin_7,M8_DevNet_like_MLP_top64,fewshot_anomaly,required,heldout_47_51,5,0.99239819456617,0.9834625119969932,0.9678418384648925,0.9721297107800175,0.9665205959684486,0.00516272619632708,0.9605609114811569,0.971954425942156,0.0063,0.0072,1.0,0.0042869734195526725,selected_source_rich_top64,64,True,32,mlp_h16_alpha001,1.3106242999900133,0.010990200017113238,1057.0,1.0
locked,locked_harder_holdout,holdout_bin_7,M8_DevNet_like_MLP_top64,fewshot_anomaly,required,main_42_46,5,0.991917458369851,0.9809628905692721,0.960138113882295,0.9621384750219105,0.9517966695880806,0.017230151841662985,0.9272567922874672,0.9693251533742331,0.00682,0.0091,1.0,0.00451134573422605,selected_source_rich_top64,64,True,32,mlp_h16_alpha001,1.236358379991725,0.010664579994045197,1057.0,1.0
locked,locked_harder_holdout,holdout_bin_7,M9_DeepSAD_like_center_top64,semisupervised_anomaly,required,heldout_47_51,5,0.8842731288343559,0.3595932645794345,0.49934334247926754,0.015074496056091149,0.0035056967572304996,0.0,0.0035056967572304996,0.0035056967572304996,0.00606,0.0063,1.0,839.2908779540976,selected_source_rich_top64,64,True,32,center_lambda1;center_lambda2,0.020009120018221437,0.014345400000456721,128.0,1.0
locked,locked_harder_holdout,holdout_bin_7,M9_DeepSAD_like_center_top64,semisupervised_anomaly,required,main_42_46,5,0.8842731288343559,0.3595932645794345,0.49934334247926754,0.015074496056091149,0.0035056967572304996,0.0,0.0035056967572304996,0.0035056967572304996,0.00606,0.0063,1.0,839.2908779540976,selected_source_rich_top64,64,True,32,center_lambda1;center_lambda2,0.01881956000579521,0.011106579995248467,128.0,1.0
locked,locked_harder_holdout,holdout_bin_8,M0_V1_original100_fixed_guard_LR,existing_detector_baseline,required,heldout_47_51,5,0.9788201877934272,0.8354472517504575,0.8670700922452639,0.8661971830985916,0.8356807511737088,0.0,0.8356807511737089,0.8356807511737089,0.0053,0.0053,1.0,-3.022682424935188,original100,100,True,32,fixed_lr,0.8622819199925289,0.016926239989697934,101.0,1.0
locked,locked_harder_holdout,holdout_bin_8,M0_V1_original100_fixed_guard_LR,existing_detector_baseline,required,main_42_46,5,0.9788201877934272,0.8354472517504575,0.8670700922452639,0.8661971830985916,0.8356807511737088,0.0,0.8356807511737089,0.8356807511737089,0.0053,0.0053,1.0,-3.022682424935188,original100,100,True,32,fixed_lr,0.8992009000037797,0.0152989000082016,101.0,1.0
locked,locked_harder_holdout,holdout_bin_8,M1_V2_top32_fixed_guard_LR,existing_detector_baseline,required,heldout_47_51,5,0.8826537558685444,0.8139233013981257,0.8931512020194872,0.7934272300469484,0.7934272300469484,0.0,0.7934272300469484,0.7934272300469484,0.0155,0.0155,0.0,-3.0569668455981613,selected_source_rich_top32,32,True,32,fixed_lr,0.12756959999678658,0.005818620009813457,33.0,1.0
locked,locked_harder_holdout,holdout_bin_8,M1_V2_top32_fixed_guard_LR,existing_detector_baseline,required,main_42_46,5,0.8826537558685444,0.8139233013981257,0.8931512020194872,0.7934272300469484,0.7934272300469484,0.0,0.7934272300469484,0.7934272300469484,0.0155,0.0155,0.0,-3.0569668455981613,selected_source_rich_top32,32,True,32,fixed_lr,0.13270415998995305,0.005909680004697293,33.0,1.0
locked,locked_harder_holdout,holdout_bin_8,M2_Enhanced_LOW_GUARD_top64_fixed_guard_LR,main_method,required,heldout_47_51,5,0.964706103286385,0.9108114779702291,0.9369853964658976,0.8896713615023474,0.8826291079812206,0.0,0.8826291079812206,0.8826291079812206,0.0042,0.0042,1.0,-4.423520833673828,selected_source_rich_top64,64,True,32,fixed_lr,0.3319919200032018,0.010258520010393114,65.0,1.0
locked,locked_harder_holdout,holdout_bin_8,M2_Enhanced_LOW_GUARD_top64_fixed_guard_LR,main_method,required,main_42_46,5,0.964706103286385,0.9108114779702291,0.9369853964658976,0.8896713615023474,0.8826291079812206,0.0,0.8826291079812206,0.8826291079812206,0.0042,0.0042,1.0,-4.423520833673828,selected_source_rich_top64,64,True,32,fixed_lr,0.35200684000737964,0.011392680008430033,65.0,1.0
locked,locked_harder_holdout,holdout_bin_8,M3_top64_no_guard_LR,component_ablation,required,heldout_47_51,5,0.8137448356807513,0.11591321703244453,0.4974874371859296,0.0,0.0,0.0,0.0,0.0,0.0083,0.0083,1.0,41.3226637976937,selected_source_rich_top64,64,True,32,fixed_lr,0.11863630000734701,0.010498720000032335,65.0,1.0
locked,locked_harder_holdout,holdout_bin_8,M3_top64_no_guard_LR,component_ablation,required,main_42_46,5,0.8137448356807513,0.11591321703244453,0.4974874371859296,0.0,0.0,0.0,0.0,0.0,0.0083,0.0083,1.0,41.3226637976937,selected_source_rich_top64,64,True,32,fixed_lr,0.1210104399942793,0.010461840010248125,65.0,1.0
locked,locked_harder_holdout,holdout_bin_8,M4_top64_random32_fixed_guard_LR,component_ablation,required,heldout_47_51,5,0.9639932394366196,0.9268770075352784,0.9474178403755869,0.9051643192488262,0.892018779342723,0.04235121725978569,0.8309859154929577,0.9225352112676056,0.00278,0.0065,1.0,-2.788397665777444,selected_source_rich_top64,64,True,32,fixed_lr,0.36996727999066936,0.010694439988583326,65.0,1.0
locked,locked_harder_holdout,holdout_bin_8,M4_top64_random32_fixed_guard_LR,component_ablation,required,main_42_46,5,0.9660271361502346,0.920846570561811,0.9413782527661784,0.8967136150234742,0.8868544600938968,0.07190152723929864,0.8028169014084507,0.960093896713615,0.0040999999999999995,0.0068,1.0,-2.718422490259038,selected_source_rich_top64,64,True,32,fixed_lr,0.3514228200074285,0.01086893999017775,65.0,1.0
locked,locked_harder_holdout,holdout_bin_8,M5_Isolation_Forest_top64,unsupervised_anomaly,required,heldout_47_51,5,0.9281635211267606,0.21350040429144473,0.49759360181187623,0.0014084507042253522,0.005164319248826292,0.011547768897886238,0.0,0.025821596244131457,0.015,0.0179,0.0,0.6131454688976713,selected_source_rich_top64_frozen_main_protocol,64,False,0,iforest_n100_auto,0.16947663999162615,0.09600696001434698,100.0,1.0
locked,locked_harder_holdout,holdout_bin_8,M5_Isolation_Forest_top64,unsupervised_anomaly,required,main_42_46,5,0.9168782629107982,0.19365393392081232,0.4975605728171374,0.00046948356807511736,0.00046948356807511736,0.0010497971725351126,0.0,0.002347417840375587,0.01302,0.0154,0.0,0.6204476786450954,selected_source_rich_top64_frozen_main_protocol,64,False,0,iforest_n100_auto,0.1667707600048743,0.08873921999474987,100.0,1.0
locked,locked_harder_holdout,holdout_bin_8,M6_OC_SVM_top64,unsupervised_anomaly,required,heldout_47_51,5,0.48860323943661976,0.1333080521081879,0.5388373793851888,0.12769953051643193,0.007042253521126761,0.0074231869957004214,0.0,0.018779342723004695,0.00946,0.0147,0.6,-36.881972965862516,selected_source_rich_top64_frozen_main_protocol,64,False,0,sgd_ocsvm_nu001,0.026116820017341523,0.00800837998976931,65.0,1.0
locked,locked_harder_holdout,holdout_bin_8,M6_OC_SVM_top64,unsupervised_anomaly,required,main_42_46,5,0.27787643192488265,0.030253595565077295,0.4992922358270224,0.007511737089201878,0.007042253521126761,0.010757219941210892,0.0,0.025821596244131457,0.00964,0.0148,0.4,-35.77951293369563,selected_source_rich_top64_frozen_main_protocol,64,False,0,sgd_ocsvm_nu001,0.02561574000865221,0.007178279990330339,65.0,1.0
locked,locked_harder_holdout,holdout_bin_8,M7_HistGB_shallow_top64,nonlinear_tabular,required,heldout_47_51,5,0.8731741079812206,0.540989686553073,0.6893322922405888,0.4685446009389672,0.3624413145539906,0.4023018090627638,0.056338028169014086,0.8192488262910798,0.004739999999999999,0.0091,1.0,0.00041172809452722615,selected_source_rich_top64,64,True,32,histgb_depth2_iter50_lr005;histgb_depth3_iter50_lr005,0.18187746001640334,0.019247320014983416,50.0,1.0
locked,locked_harder_holdout,holdout_bin_8,M7_HistGB_shallow_top64,nonlinear_tabular,required,main_42_46,5,0.9528671830985915,0.7548804985763159,0.7722414891358199,0.748356807511737,0.6417840375586854,0.3386372967670713,0.03990610328638498,0.823943661971831,0.0045,0.0089,1.0,0.000409063342427359,selected_source_rich_top64,64,True,32,histgb_depth2_iter50_lr005;histgb_depth3_iter50_lr005,0.18342814000789076,0.01985825999872759,50.0,1.0
locked,locked_harder_holdout,holdout_bin_8,M8_DevNet_like_MLP_top64,fewshot_anomaly,required,heldout_47_51,5,0.980471924882629,0.9407952083624499,0.9409984193266803,0.9183098591549296,0.9051643192488263,0.02437248329092468,0.8708920187793427,0.931924882629108,0.00708,0.0092,1.0,0.00396584959509784,selected_source_rich_top64,64,True,32,mlp_h16_alpha001,1.1076444800011813,0.009693100012373179,1057.0,1.0
locked,locked_harder_holdout,holdout_bin_8,M8_DevNet_like_MLP_top64,fewshot_anomaly,required,main_42_46,5,0.9812198122065727,0.9405648068434489,0.9399013848585651,0.9169014084507042,0.9075117370892019,0.025315135614165075,0.863849765258216,0.9272300469483568,0.00754,0.0092,1.0,0.003570440257631713,selected_source_rich_top64,64,True,32,mlp_h16_alpha001,1.102386519999709,0.009144180000294,1057.0,1.0
locked,locked_harder_holdout,holdout_bin_8,M9_DeepSAD_like_center_top64,semisupervised_anomaly,required,heldout_47_51,5,0.7142388262910798,0.068701926085578,0.5030976478637318,0.01643192488262911,0.017370892018779345,0.0012857337030637696,0.01643192488262911,0.018779342723004695,0.012920000000000001,0.0134,0.0,685.6407782745346,selected_source_rich_top64,64,True,32,center_lambda1;center_lambda2,0.017622139991726727,0.00999903999036178,128.0,1.0
locked,locked_harder_holdout,holdout_bin_8,M9_DeepSAD_like_center_top64,semisupervised_anomaly,required,main_42_46,5,0.7158944131455399,0.06884306733120313,0.5029466581734966,0.01643192488262911,0.016901408450704224,0.0010497971725351117,0.01643192488262911,0.018779342723004695,0.012759999999999999,0.0134,0.0,627.0461113739002,selected_source_rich_top64,64,True,32,center_lambda1;center_lambda2,0.019059000012930483,0.009580239991191775,128.0,1.0
