candidate_name,seed,scorer_kind,threshold,threshold_rule,threshold_source,selection_uses_ood_stress,uses_final_ood_for_selection,uses_attack_eval_for_selection,uses_dev_heavy_query_for_selection,id_calib_detection_or_alarm,id_calib_score_mean,id_calib_score_q50,id_calib_score_q95,ood_val_detection_or_alarm,ood_val_score_mean,ood_val_score_q50,ood_val_score_q95,ood_stress_val_detection_or_alarm,ood_stress_val_score_mean,ood_stress_val_score_q50,ood_stress_val_score_q95,medium_support_val_detection_or_alarm,medium_support_val_score_mean,medium_support_val_score_q50,medium_support_val_score_q95,heavy_support_val_detection_or_alarm,heavy_support_val_score_mean,heavy_support_val_score_q50,heavy_support_val_score_q95,medium_pseudo_query_dev_detection_or_alarm,medium_pseudo_query_dev_score_mean,medium_pseudo_query_dev_score_q50,medium_pseudo_query_dev_score_q95,heavy_pseudo_query_dev_detection_or_alarm,heavy_pseudo_query_dev_score_mean,heavy_pseudo_query_dev_score_q50,heavy_pseudo_query_dev_score_q95,medium_attack_eval_report_only_detection_or_alarm,medium_attack_eval_report_only_score_mean,medium_attack_eval_report_only_score_q50,medium_attack_eval_report_only_score_q95,dev_heavy_query_report_only_detection_or_alarm,dev_heavy_query_report_only_score_mean,dev_heavy_query_report_only_score_q50,dev_heavy_query_report_only_score_q95,final_ood_report_only_detection_or_alarm,final_ood_report_only_score_mean,final_ood_report_only_score_q50,final_ood_report_only_score_q95,dev_attack_hard_min,report_only_attack_hard_min,ood_dev_alarm_max,medium_support_to_pseudo_q50_gap,heavy_support_to_pseudo_q50_gap
calibrated_two_head_margin__ood_val_only,42,calibrated_two_head_margin,0.0,support_val_guided_empirical_1pct,support_val_guided_empirical_id_ood_1pct,False,False,False,False,0.01,-0.011523970207749243,-0.012980598704806013,-0.004745154125325257,0.0,-0.012776572386540801,-0.012980598704806013,-0.012193380960848786,0.2463157894736842,0.1956081994395373,-0.012980598704806013,0.9395191281614712,1.0,0.8025159458505651,0.886824804699322,0.9535880436490414,1.0,0.9395191281614712,0.9395191281614712,0.9395191281614712,0.7142857142857143,0.5730376356169051,0.8486136914238418,0.9542416583590586,1.0,0.9395191281614712,0.9395191281614712,0.9395191281614712,0.9497777777777778,0.610033038018666,0.831019657932076,0.9405415619026114,0.9995,0.9094774768456201,0.9395191281614712,0.9395191281614712,0.35433333333333333,0.1979032760383215,-0.012134207508128044,0.9395191281614712,0.7142857142857143,0.9497777777777778,0.2463157894736842,0.03821111327548021,0.0
calibrated_two_head_margin__ood_val_plus_stress,42,calibrated_two_head_margin,0.9395191281614712,support_val_guided_empirical_1pct,support_val_guided_empirical_id_ood_1pct,True,False,False,False,0.0,-0.011523970207749243,-0.012980598704806013,-0.004745154125325257,0.0,-0.012776572386540801,-0.012980598704806013,-0.012193380960848786,0.0,0.1956081994395373,-0.012980598704806013,0.9395191281614712,0.4,0.8025159458505651,0.886824804699322,0.9535880436490414,0.0,0.9395191281614712,0.9395191281614712,0.9395191281614712,0.21428571428571427,0.5730376356169051,0.8486136914238418,0.9542416583590586,0.0,0.9395191281614712,0.9395191281614712,0.9395191281614712,0.1408888888888889,0.610033038018666,0.831019657932076,0.9405415619026114,0.01325,0.9094774768456201,0.9395191281614712,0.9395191281614712,0.0,0.1979032760383215,-0.012134207508128044,0.9395191281614712,0.0,0.01325,0.0,0.03821111327548021,0.0
logistic_twohead_fusion_uniform_rows__ood_val_only,42,logistic_twohead_fusion,0.0012373933830199832,support_val_guided_empirical_1pct,support_val_guided_empirical_id_ood_1pct,False,False,False,False,0.01,0.0010870128547453006,0.001068327802262168,0.0011755254900304912,0.0,0.0010677069108209589,0.0010627121545935501,0.001084586692325813,0.24421052631578946,0.002977036261532985,0.0010629672222525952,0.010373106235442105,1.0,0.8158397230883591,0.9480447891167026,0.9740819290504861,1.0,0.011781723013360647,0.012620699601648477,0.012620699601648477,0.7142857142857143,0.5947989078195449,0.9234721297066241,0.9742595943014154,1.0,0.011834192137669265,0.012620699601648477,0.012620699601648477,0.9497777777777778,0.6040979827102684,0.9088834003785752,0.9702683733988051,0.9995,0.14498316453311225,0.012620699601648477,0.9676982569447751,0.35433333333333333,0.004589477078412239,0.001085280725611055,0.010346032879794999,0.7142857142857143,0.9497777777777778,0.24421052631578946,0.02457265941007858,0.0
logistic_twohead_fusion_uniform_rows__ood_val_plus_stress,42,logistic_twohead_fusion,0.010373106235442105,support_val_guided_empirical_1pct,support_val_guided_empirical_id_ood_1pct,True,False,False,False,0.0,0.0010870128547453006,0.001068327802262168,0.0011755254900304912,0.0,0.0010677069108209589,0.0010627121545935501,0.001084586692325813,0.0,0.002977036261532985,0.0010629672222525952,0.010373106235442105,0.92,0.8158397230883591,0.9480447891167026,0.9740819290504861,0.875,0.011781723013360647,0.012620699601648477,0.012620699601648477,0.6428571428571429,0.5947989078195449,0.9234721297066241,0.9742595943014154,0.90625,0.011834192137669265,0.012620699601648477,0.012620699601648477,0.6866666666666666,0.6040979827102684,0.9088834003785752,0.9702683733988051,0.95425,0.14498316453311225,0.012620699601648477,0.9676982569447751,0.008666666666666666,0.004589477078412239,0.001085280725611055,0.010346032879794999,0.6428571428571429,0.6866666666666666,0.0,0.02457265941007858,0.0
logistic_twohead_fusion_balanced_regions__ood_val_only,42,logistic_twohead_fusion,0.012782113727095642,support_val_guided_empirical_1pct,support_val_guided_empirical_id_ood_1pct,False,False,False,False,0.01,0.011077652526094824,0.010885157361514344,0.01204963332875984,0.0,0.010914757510789396,0.010889090482747795,0.010982689395466759,0.24526315789473685,0.14095175550797517,0.010889090482747795,0.6473762620047696,1.0,0.9119511714634991,0.9989102014147923,0.9995295739372605,1.0,0.6439070672004404,0.6421073776715804,0.6471921049725444,0.7142857142857143,0.6445587522074492,0.9982379099909675,0.9995334197079576,1.0,0.643785416954274,0.6421073776715804,0.6474559694806815,0.9497777777777778,0.6593072627849047,0.9978018414081129,0.9994456228694839,0.9995,0.6800023395675477,0.6421073776715804,0.9993876243733477,0.35433333333333333,0.12464897600297954,0.010990786253349986,0.6473762620047696,0.7142857142857143,0.9497777777777778,0.24526315789473685,0.0006722914238247446,0.0
logistic_twohead_fusion_balanced_regions__ood_val_plus_stress,42,logistic_twohead_fusion,0.6473762620047696,support_val_guided_empirical_1pct,support_val_guided_empirical_id_ood_1pct,True,False,False,False,0.0,0.011077652526094824,0.010885157361514344,0.01204963332875984,0.0,0.010914757510789396,0.010889090482747795,0.010982689395466759,0.0,0.14095175550797517,0.010889090482747795,0.6473762620047696,0.92,0.9119511714634991,0.9989102014147923,0.9995295739372605,0.125,0.6439070672004404,0.6421073776715804,0.6471921049725444,0.6428571428571429,0.6445587522074492,0.9982379099909675,0.9995334197079576,0.09375,0.643785416954274,0.6421073776715804,0.6474559694806815,0.6368888888888888,0.6593072627849047,0.9978018414081129,0.9994456228694839,0.18425,0.6800023395675477,0.6421073776715804,0.9993876243733477,0.04633333333333333,0.12464897600297954,0.010990786253349986,0.6473762620047696,0.09375,0.18425,0.0,0.0006722914238247446,0.0
lda_metric_all115__ood_val_only,42,lda_metric_prototype,1.9074721336364746,support_val_guided_empirical_1pct,support_val_guided_empirical_id_ood_1pct,False,False,False,False,0.0,-0.04531958182652791,0.010770142078399658,1.6679951369762416,0.0,-3.1710580859581627,-3.892427444458008,1.2952877461910248,0.21157894736842106,1.4714986141941004,-0.7729167938232422,12.945770263671875,0.08,0.937146680355072,0.5556497573852539,2.878144168853756,0.875,54.12617540359497,62.686309814453125,63.53532314300537,0.21428571428571427,0.7955107752765928,-0.15901172161102295,5.208353543281555,0.9375,57.828721195459366,61.94841957092285,62.99985694885254,0.6968888888888889,5.362512587891684,5.258607387542725,12.099052238464354,0.97,45.33657032516599,56.84546661376953,62.852928924560544,0.15466666666666667,1.1543812266985576,-0.2610927224159241,15.25875549316406,0.08,0.6968888888888889,0.21157894736842106,0.7146614789962769,0.7378902435302734
lda_metric_all115__ood_val_plus_stress,42,lda_metric_prototype,15.33935546875,support_val_guided_empirical_1pct,support_val_guided_empirical_id_ood_1pct,True,False,False,False,0.0,-0.04531958182652791,0.010770142078399658,1.6679951369762416,0.0,-3.1710580859581627,-3.892427444458008,1.2952877461910248,0.0,1.4714986141941004,-0.7729167938232422,12.945770263671875,0.0,0.937146680355072,0.5556497573852539,2.878144168853756,0.875,54.12617540359497,62.686309814453125,63.53532314300537,0.0,0.7955107752765928,-0.15901172161102295,5.208353543281555,0.9375,57.828721195459366,61.94841957092285,62.99985694885254,0.0,5.362512587891684,5.258607387542725,12.099052238464354,0.78575,45.33657032516599,56.84546661376953,62.852928924560544,0.045,1.1543812266985576,-0.2610927224159241,15.25875549316406,0.0,0.0,0.0,0.7146614789962769,0.7378902435302734
lda_metric_HH_HpHp__ood_val_only,42,lda_metric_prototype,0.6525639295578003,support_val_guided_empirical_1pct,support_val_guided_empirical_id_ood_1pct,False,False,False,False,0.0033333333333333335,-0.5245473224918048,-0.09214133024215698,0.3668534636497497,0.0,-3.2285321105718614,-3.7286571264266968,0.12396917939186096,0.22245614035087719,0.37590397439504925,-0.5396605134010315,7.168978881835934,0.24,0.09259166955947876,-0.1185370683670044,2.859275746345516,0.875,53.48756170272827,62.37249183654785,62.782306861877444,0.35714285714285715,0.6491151962961469,-0.0296136736869812,3.9774477601051306,0.9375,58.37700089812279,62.10627746582031,63.89095821380615,0.43244444444444446,0.791485518614451,0.3410523533821106,2.4381664514541623,0.90775,43.65776225550473,56.81914138793945,62.04857292175293,0.153,-0.2283479453821977,-0.3771376758813858,4.487622070312499,0.24,0.43244444444444446,0.22245614035087719,-0.0889233946800232,0.26621437072753906
lda_metric_HH_HpHp__ood_val_plus_stress,42,lda_metric_prototype,13.3681640625,support_val_guided_empirical_1pct,support_val_guided_empirical_id_ood_1pct,True,False,False,False,0.0,-0.5245473224918048,-0.09214133024215698,0.3668534636497497,0.0,-3.2285321105718614,-3.7286571264266968,0.12396917939186096,0.0,0.37590397439504925,-0.5396605134010315,7.168978881835934,0.0,0.09259166955947876,-0.1185370683670044,2.859275746345516,0.875,53.48756170272827,62.37249183654785,62.782306861877444,0.0,0.6491151962961469,-0.0296136736869812,3.9774477601051306,0.9375,58.37700089812279,62.10627746582031,63.89095821380615,0.0,0.791485518614451,0.3410523533821106,2.4381664514541623,0.786,43.65776225550473,56.81914138793945,62.04857292175293,0.009333333333333334,-0.2283479453821977,-0.3771376758813858,4.487622070312499,0.0,0.0,0.0,-0.0889233946800232,0.26621437072753906
lda_metric_MI_H_HHjit__ood_val_only,42,lda_metric_prototype,1.3069136142730713,support_val_guided_empirical_1pct,support_val_guided_empirical_id_ood_1pct,False,False,False,False,0.0,-0.045069121420383454,0.11710140109062195,0.8133368432521817,0.0,-1.1794305614233016,-0.2347627878189087,0.396810545027256,0.0,-0.7289820066460392,-0.06578230857849121,0.7048338294029235,0.08,1.5550334668159485,0.5709988474845886,1.320470798015593,0.875,50.9100838676095,57.45162582397461,59.64727382659912,0.14285714285714285,3.814839094877243,0.6839101612567902,23.353985404968263,0.9375,55.07225259207189,59.40494155883789,59.85111846923828,0.6884444444444444,15.485189839998881,21.635836601257324,28.44786615371704,0.9685,48.939000275939705,56.68204307556152,59.726769065856935,0.011666666666666667,-0.7053225979705652,0.023507505655288696,0.7729338169097899,0.08,0.6884444444444444,0.0,-0.11291131377220154,-1.9533157348632812
lda_metric_MI_H_HHjit__ood_val_plus_stress,42,lda_metric_prototype,1.3069136142730713,support_val_guided_empirical_1pct,support_val_guided_empirical_id_ood_1pct,True,False,False,False,0.0,-0.045069121420383454,0.11710140109062195,0.8133368432521817,0.0,-1.1794305614233016,-0.2347627878189087,0.396810545027256,0.0,-0.7289820066460392,-0.06578230857849121,0.7048338294029235,0.08,1.5550334668159485,0.5709988474845886,1.320470798015593,0.875,50.9100838676095,57.45162582397461,59.64727382659912,0.14285714285714285,3.814839094877243,0.6839101612567902,23.353985404968263,0.9375,55.07225259207189,59.40494155883789,59.85111846923828,0.6884444444444444,15.485189839998881,21.635836601257324,28.44786615371704,0.9685,48.939000275939705,56.68204307556152,59.726769065856935,0.011666666666666667,-0.7053225979705652,0.023507505655288696,0.7729338169097899,0.08,0.6884444444444444,0.0,-0.11291131377220154,-1.9533157348632812
calibrated_two_head_margin__ood_val_only,43,calibrated_two_head_margin,0.0,support_val_guided_empirical_1pct,support_val_guided_empirical_id_ood_1pct,False,False,False,False,0.0016666666666666668,-0.003963040988680296,-0.004234716531844611,-0.004216712493126265,0.0,-0.004161435011917076,-0.004234716531844611,-0.0037360713800329752,0.256140350877193,0.15409883818422954,-0.004234716531844611,0.7998852202799267,1.0,0.6270774503193622,0.7240918157473923,0.7972848828580847,1.0,0.9472107180775263,0.9472107180775263,0.9472107180775263,0.9696969696969697,0.5354303855864704,0.5144861745246068,0.7972848828580847,1.0,0.9286319372252508,0.9472107180775263,0.9472107180775263,0.9715555555555555,0.5340530605025693,0.6112775793724003,0.7972848828580847,0.9995,0.8811262721627834,0.9472107180775263,0.9472107180775263,0.361,0.14233696640048676,-0.004234716531844611,0.7998852202799267,0.9696969696969697,0.9715555555555555,0.256140350877193,0.20960564122278558,0.0
calibrated_two_head_margin__ood_val_plus_stress,43,calibrated_two_head_margin,0.8314959309429707,support_val_guided_empirical_1pct,support_val_guided_empirical_id_ood_1pct,True,False,False,False,0.0,-0.003963040988680296,-0.004234716531844611,-0.004216712493126265,0.0,-0.004161435011917076,-0.004234716531844611,-0.0037360713800329752,0.0,0.15409883818422954,-0.004234716531844611,0.7998852202799267,0.0,0.6270774503193622,0.7240918157473923,0.7972848828580847,1.0,0.9472107180775263,0.9472107180775263,0.9472107180775263,0.0,0.5354303855864704,0.5144861745246068,0.7972848828580847,0.9142857142857143,0.9286319372252508,0.9472107180775263,0.9472107180775263,0.0,0.5340530605025693,0.6112775793724003,0.7972848828580847,0.8005,0.8811262721627834,0.9472107180775263,0.9472107180775263,0.0,0.14233696640048676,-0.004234716531844611,0.7998852202799267,0.0,0.0,0.0,0.20960564122278558,0.0
logistic_twohead_fusion_uniform_rows__ood_val_only,43,logistic_twohead_fusion,0.005089896877967956,support_val_guided_empirical_1pct,support_val_guided_empirical_id_ood_1pct,False,False,False,False,0.0016666666666666668,0.0022801567748267516,0.002149905809861427,0.0024915694788137073,0.0006666666666666666,0.002579071019086736,0.0024091607217026486,0.003600801877966099,0.20877192982456141,0.004173319236625415,0.0023493810793933736,0.009952283942028625,1.0,0.7997666160869985,0.9607743146055965,0.9855992807658259,1.0,0.011340671430023335,0.011701122951661504,0.011701122951661504,0.9696969696969697,0.6382547409798454,0.7437673671431306,0.9856046115702646,1.0,0.011210775121281848,0.011701122951661504,0.01282337375337263,0.9728888888888889,0.6989241887937192,0.8954660618922856,0.985600843562663,0.9995,0.15937340769132063,0.011701122951661504,0.9378113083455492,0.20833333333333334,0.004680404756756658,0.0024030595012491888,0.00811510057872536,0.9696969696969697,0.9728888888888889,0.20877192982456141,0.21700694746246585,0.0
logistic_twohead_fusion_uniform_rows__ood_val_plus_stress,43,logistic_twohead_fusion,0.017645426801410173,support_val_guided_empirical_1pct,support_val_guided_empirical_id_ood_1pct,True,False,False,False,0.0016666666666666668,0.0022801567748267516,0.002149905809861427,0.0024915694788137073,0.0,0.002579071019086736,0.0024091607217026486,0.003600801877966099,0.011228070175438596,0.004173319236625415,0.0023493810793933736,0.009952283942028625,1.0,0.7997666160869985,0.9607743146055965,0.9855992807658259,0.0,0.011340671430023335,0.011701122951661504,0.011701122951661504,0.9090909090909091,0.6382547409798454,0.7437673671431306,0.9856046115702646,0.0,0.011210775121281848,0.011701122951661504,0.01282337375337263,0.9533333333333334,0.6989241887937192,0.8954660618922856,0.985600843562663,0.179,0.15937340769132063,0.011701122951661504,0.9378113083455492,0.015,0.004680404756756658,0.0024030595012491888,0.00811510057872536,0.0,0.179,0.011228070175438596,0.21700694746246585,0.0
logistic_twohead_fusion_balanced_regions__ood_val_only,43,logistic_twohead_fusion,0.401146292306712,support_val_guided_empirical_1pct,support_val_guided_empirical_id_ood_1pct,False,False,False,False,0.0016666666666666668,0.03078660675418393,0.026890770736585218,0.036794055152683525,0.0,0.04067935931569364,0.034264556829183106,0.07900371947840099,0.16701754385964912,0.13611426396440438,0.03248532466807157,0.5703648206718475,1.0,0.985154596682945,0.9999998924515208,0.9999999919090176,1.0,0.6568957676147802,0.675490513190739,0.675490513190739,0.9696969696969697,0.9386945581485899,0.9999930649318214,0.999999991927366,0.9714285714285714,0.6422633946482075,0.675490513190739,0.710726419757883,0.9715555555555555,0.9664786437287174,0.9999993155692785,0.9999999919144004,0.9995,0.7247893206571675,0.675490513190739,0.9999997957394751,0.15233333333333332,0.12656012969119165,0.03408094175026251,0.4581754793601684,0.9696969696969697,0.9715555555555555,0.16701754385964912,6.827519699381668e-06,0.0
logistic_twohead_fusion_balanced_regions__ood_val_plus_stress,43,logistic_twohead_fusion,0.6140827481166072,support_val_guided_empirical_1pct,support_val_guided_empirical_id_ood_1pct,True,False,False,False,0.0016666666666666668,0.03078660675418393,0.026890770736585218,0.036794055152683525,0.0,0.04067935931569364,0.034264556829183106,0.07900371947840099,0.011578947368421053,0.13611426396440438,0.03248532466807157,0.5703648206718475,1.0,0.985154596682945,0.9999998924515208,0.9999999919090176,0.875,0.6568957676147802,0.675490513190739,0.675490513190739,0.9090909090909091,0.9386945581485899,0.9999930649318214,0.999999991927366,0.7428571428571429,0.6422633946482075,0.675490513190739,0.710726419757883,0.9711111111111111,0.9664786437287174,0.9999993155692785,0.9999999919144004,0.933,0.7247893206571675,0.675490513190739,0.9999997957394751,0.022,0.12656012969119165,0.03408094175026251,0.4581754793601684,0.7428571428571429,0.933,0.011578947368421053,6.827519699381668e-06,0.0
lda_metric_all115__ood_val_only,43,lda_metric_prototype,0.8349208831787109,support_val_guided_empirical_1pct,support_val_guided_empirical_id_ood_1pct,False,False,False,False,0.006666666666666667,-0.6097892105579377,-0.543827474117279,0.17371921539306628,0.0,-2.860090296983719,-3.3437249660491943,0.2079828977584839,0.41964912280701755,1.3441418293275331,0.4811776578426361,8.43418579101561,0.6875,5.953968394547701,2.569328486919403,17.999321937561035,1.0,115.51079845428467,114.2181510925293,123.74533653259277,0.22727272727272727,1.9354370958877332,-0.03367757797241211,17.427845001220703,0.9428571428571428,23.80515226636614,22.532825469970703,47.24037704467772,0.7902222222222223,10.769652577267752,14.87963056564331,18.458928966522215,0.97875,59.73135719165206,48.806251525878906,113.20811462402344,0.299,1.1562725525299709,0.17467880249023438,11.386395263671874,0.22727272727272727,0.7902222222222223,0.41964912280701755,2.603006064891815,91.6853256225586
lda_metric_all115__ood_val_plus_stress,43,lda_metric_prototype,10.523681640625,support_val_guided_empirical_1pct,support_val_guided_empirical_id_ood_1pct,True,False,False,False,0.0,-0.6097892105579377,-0.543827474117279,0.17371921539306628,0.0,-2.860090296983719,-3.3437249660491943,0.2079828977584839,0.010175438596491228,1.3441418293275331,0.4811776578426361,8.43418579101561,0.3125,5.953968394547701,2.569328486919403,17.999321937561035,1.0,115.51079845428467,114.2181510925293,123.74533653259277,0.13636363636363635,1.9354370958877332,-0.03367757797241211,17.427845001220703,0.9428571428571428,23.80515226636614,22.532825469970703,47.24037704467772,0.6271111111111111,10.769652577267752,14.87963056564331,18.458928966522215,0.92225,59.73135719165206,48.806251525878906,113.20811462402344,0.07633333333333334,1.1562725525299709,0.17467880249023438,11.386395263671874,0.13636363636363635,0.6271111111111111,0.010175438596491228,2.603006064891815,91.6853256225586
lda_metric_HH_HpHp__ood_val_only,43,lda_metric_prototype,1.0410821437835693,support_val_guided_empirical_1pct,support_val_guided_empirical_id_ood_1pct,False,False,False,False,0.0016666666666666668,-0.29400804996490476,-0.057161569595336914,0.3653474628925319,0.0,-2.7918107926050824,-3.1503204107284546,0.03506186008453368,0.267719298245614,0.9836914007287276,0.1475028395652771,7.064221191406249,0.625,2.8450938053429127,1.3063198924064636,9.834900856018066,1.0,111.09514427185059,108.63654708862305,121.1861717224121,0.2727272727272727,2.0817305888190414,0.3509729504585266,19.212352752685547,0.9428571428571428,25.34718164716448,22.270431518554688,47.90469245910643,0.4262222222222222,1.2065518868764242,0.8192749619483948,3.371331584453582,0.96525,54.53947770920396,44.65204048156738,108.48473815917968,0.19533333333333333,1.3698743515412013,0.03750145435333252,12.905889892578124,0.2727272727272727,0.4262222222222222,0.267719298245614,0.955346941947937,86.36611557006836
lda_metric_HH_HpHp__ood_val_plus_stress,43,lda_metric_prototype,8.70556640625,support_val_guided_empirical_1pct,support_val_guided_empirical_id_ood_1pct,True,False,False,False,0.0,-0.29400804996490476,-0.057161569595336914,0.3653474628925319,0.0,-2.7918107926050824,-3.1503204107284546,0.03506186008453368,0.010175438596491228,0.9836914007287276,0.1475028395652771,7.064221191406249,0.0625,2.8450938053429127,1.3063198924064636,9.834900856018066,1.0,111.09514427185059,108.63654708862305,121.1861717224121,0.10606060606060606,2.0817305888190414,0.3509729504585266,19.212352752685547,0.9428571428571428,25.34718164716448,22.270431518554688,47.90469245910643,0.015111111111111112,1.2065518868764242,0.8192749619483948,3.371331584453582,0.76825,54.53947770920396,44.65204048156738,108.48473815917968,0.12166666666666667,1.3698743515412013,0.03750145435333252,12.905889892578124,0.0625,0.015111111111111112,0.010175438596491228,0.955346941947937,86.36611557006836
lda_metric_MI_H_HHjit__ood_val_only,43,lda_metric_prototype,0.9158738851547241,support_val_guided_empirical_1pct,support_val_guided_empirical_id_ood_1pct,False,False,False,False,0.0,0.083590557128191,0.3430693447589874,0.6619401633739467,0.0,-0.96467223072052,-0.14835059642791748,0.6334285140037537,0.0,-0.6070303694093436,0.107658252120018,0.7140953928232193,0.25,7.6476231794804335,0.3725926876068115,30.33443307876587,1.0,82.43413162231445,82.43151473999023,82.92647361755371,0.045454545454545456,1.6533342017368837,0.40028080344200134,0.5805270671844482,0.8857142857142857,19.370795830658505,22.018985748291016,22.435186767578124,0.6542222222222223,18.14047255522675,26.345802307128906,32.166368103027345,0.9615,45.28485525453836,30.74390411376953,80.83352813720703,0.004666666666666667,-0.6484894174337387,0.21616613864898682,0.6961766868829726,0.045454545454545456,0.6542222222222223,0.0,-0.02768811583518982,60.41252899169922
lda_metric_MI_H_HHjit__ood_val_plus_stress,43,lda_metric_prototype,0.9158738851547241,support_val_guided_empirical_1pct,support_val_guided_empirical_id_ood_1pct,True,False,False,False,0.0,0.083590557128191,0.3430693447589874,0.6619401633739467,0.0,-0.96467223072052,-0.14835059642791748,0.6334285140037537,0.0,-0.6070303694093436,0.107658252120018,0.7140953928232193,0.25,7.6476231794804335,0.3725926876068115,30.33443307876587,1.0,82.43413162231445,82.43151473999023,82.92647361755371,0.045454545454545456,1.6533342017368837,0.40028080344200134,0.5805270671844482,0.8857142857142857,19.370795830658505,22.018985748291016,22.435186767578124,0.6542222222222223,18.14047255522675,26.345802307128906,32.166368103027345,0.9615,45.28485525453836,30.74390411376953,80.83352813720703,0.004666666666666667,-0.6484894174337387,0.21616613864898682,0.6961766868829726,0.045454545454545456,0.6542222222222223,0.0,-0.02768811583518982,60.41252899169922
calibrated_two_head_margin__ood_val_only,44,calibrated_two_head_margin,0.0,support_val_guided_empirical_1pct,support_val_guided_empirical_id_ood_1pct,False,False,False,False,0.0,-0.0128075240554086,-0.012980598704806013,-0.012980598704806013,0.0,-0.012980598704806013,-0.012980598704806013,-0.012980598704806013,0.24140350877192981,0.19476885004905936,-0.012980598704806013,0.9395191281614712,0.9166666666666666,0.6159385393219865,0.6928492059453059,0.7850918256846049,1.0,0.9395191281614712,0.9395191281614712,0.9395191281614712,0.9117647058823529,0.6011870394276869,0.7486756589400811,0.7780720838070967,1.0,0.9395191281614712,0.9395191281614712,0.9395191281614712,0.9915555555555555,0.6019801044296512,0.658008659142006,0.730243919218055,0.9995,0.8834158364400169,0.9395191281614712,0.9395191281614712,0.3396666666666667,0.19562289988244147,-0.012980598704806013,0.9395191281614712,0.9117647058823529,0.9915555555555555,0.24140350877192981,-0.05582645299477529,0.0
calibrated_two_head_margin__ood_val_plus_stress,44,calibrated_two_head_margin,0.9395191281614712,support_val_guided_empirical_1pct,support_val_guided_empirical_id_ood_1pct,True,False,False,False,0.0,-0.0128075240554086,-0.012980598704806013,-0.012980598704806013,0.0,-0.012980598704806013,-0.012980598704806013,-0.012980598704806013,0.0,0.19476885004905936,-0.012980598704806013,0.9395191281614712,0.0,0.6159385393219865,0.6928492059453059,0.7850918256846049,0.0,0.9395191281614712,0.9395191281614712,0.9395191281614712,0.0,0.6011870394276869,0.7486756589400811,0.7780720838070967,0.0,0.9395191281614712,0.9395191281614712,0.9395191281614712,0.0,0.6019801044296512,0.658008659142006,0.730243919218055,0.0,0.8834158364400169,0.9395191281614712,0.9395191281614712,0.0,0.19562289988244147,-0.012980598704806013,0.9395191281614712,0.0,0.0,0.0,-0.05582645299477529,0.0
logistic_twohead_fusion_uniform_rows__ood_val_only,44,logistic_twohead_fusion,0.010164175947534326,support_val_guided_empirical_1pct,support_val_guided_empirical_id_ood_1pct,False,False,False,False,0.0,0.001627083606429773,0.0015753143992549529,0.001783180168755156,0.0,0.002890600118997797,0.002977855884454053,0.00394137478906179,0.1957894736842105,0.00516727936559632,0.0017452583915328773,0.019506655357680827,0.9166666666666666,0.8137889503666598,0.9644555550665597,0.9872552851306473,1.0,0.011881555531552164,0.012718601806864828,0.012718601806864828,0.9117647058823529,0.7855875183991042,0.980841567281625,0.9862107361226813,0.7419354838709677,0.012066688120133697,0.0124968078690463,0.016619498306035273,0.9915555555555555,0.8350405555606172,0.9480711304528823,0.9764788352092533,0.999,0.16870529517324268,0.012718601806864828,0.9625823169432419,0.152,0.005274087624884956,0.0018249319899368394,0.01945620065543099,0.7419354838709677,0.9915555555555555,0.1957894736842105,-0.016386012215065304,0.00022179393781852734
logistic_twohead_fusion_uniform_rows__ood_val_plus_stress,44,logistic_twohead_fusion,0.024947526866234162,support_val_guided_empirical_1pct,support_val_guided_empirical_id_ood_1pct,True,False,False,False,0.0,0.001627083606429773,0.0015753143992549529,0.001783180168755156,0.0,0.002890600118997797,0.002977855884454053,0.00394137478906179,0.0,0.00516727936559632,0.0017452583915328773,0.019506655357680827,0.875,0.8137889503666598,0.9644555550665597,0.9872552851306473,0.0,0.011881555531552164,0.012718601806864828,0.012718601806864828,0.8529411764705882,0.7855875183991042,0.980841567281625,0.9862107361226813,0.0,0.012066688120133697,0.0124968078690463,0.016619498306035273,0.9817777777777777,0.8350405555606172,0.9480711304528823,0.9764788352092533,0.18575,0.16870529517324268,0.012718601806864828,0.9625823169432419,0.021333333333333333,0.005274087624884956,0.0018249319899368394,0.01945620065543099,0.0,0.18575,0.0,-0.016386012215065304,0.00022179393781852734
logistic_twohead_fusion_balanced_regions__ood_val_only,44,logistic_twohead_fusion,0.34414731122834713,support_val_guided_empirical_1pct,support_val_guided_empirical_id_ood_1pct,False,False,False,False,0.0,0.016645603822495116,0.015073169420986264,0.019098903444328876,0.0,0.04820454941311742,0.04933343283198958,0.08163658555048026,0.23578947368421052,0.17873992913153866,0.018453363324444087,0.8045660795163324,0.9166666666666666,0.8958523620428971,0.99999252180828,0.9999985742761203,1.0,0.6077041728065949,0.6418739478317377,0.6418739478317377,0.9117647058823529,0.8888259958784867,0.9999972572382515,0.9999983826277841,1.0,0.6028367412013612,0.6339997587235153,0.7283687682019269,0.9915555555555555,0.9846227434305919,0.9999860153200786,0.9999961804745333,0.9995,0.711445977180514,0.6418739478317377,0.9999918647832647,0.20533333333333334,0.16570627954947223,0.01988460823243394,0.8037701459439052,0.9117647058823529,0.9915555555555555,0.23578947368421052,-4.735429971480798e-06,0.007874189108222351
logistic_twohead_fusion_balanced_regions__ood_val_plus_stress,44,logistic_twohead_fusion,0.8682720909330086,support_val_guided_empirical_1pct,support_val_guided_empirical_id_ood_1pct,True,False,False,False,0.0,0.016645603822495116,0.015073169420986264,0.019098903444328876,0.0,0.04820454941311742,0.04933343283198958,0.08163658555048026,0.0,0.17873992913153866,0.018453363324444087,0.8045660795163324,0.875,0.8958523620428971,0.99999252180828,0.9999985742761203,0.0,0.6077041728065949,0.6418739478317377,0.6418739478317377,0.8529411764705882,0.8888259958784867,0.9999972572382515,0.9999983826277841,0.0,0.6028367412013612,0.6339997587235153,0.7283687682019269,0.9693333333333334,0.9846227434305919,0.9999860153200786,0.9999961804745333,0.1855,0.711445977180514,0.6418739478317377,0.9999918647832647,0.021,0.16570627954947223,0.01988460823243394,0.8037701459439052,0.0,0.1855,0.0,-4.735429971480798e-06,0.007874189108222351
lda_metric_all115__ood_val_only,44,lda_metric_prototype,0.8370331525802612,support_val_guided_empirical_1pct,support_val_guided_empirical_id_ood_1pct,False,False,False,False,0.006666666666666667,-0.7071343892812729,-0.5951458811759949,0.464708125591278,0.0,-4.917550690293312,-5.751477241516113,0.1571650505065918,0.21298245614035088,1.9802474254578875,-0.06074228882789612,13.396829223632812,0.5833333333333334,1.990306481719017,0.8869004845619202,9.221618080139159,0.7777777777777778,57.942733976576065,73.03424072265625,76.92098083496094,0.4117647058823529,2.029843207667856,0.541890949010849,9.628086566925047,0.9354838709677419,69.91669897879324,74.884033203125,78.11522674560547,0.7626666666666667,6.879383968048626,7.5994343757629395,14.331352472305296,0.96775,55.705685698419806,70.99327850341797,75.89297561645508,0.15433333333333332,1.1561705116331578,-0.20106720924377441,15.158081054687496,0.4117647058823529,0.7626666666666667,0.21298245614035088,0.34500953555107117,-1.84979248046875
lda_metric_all115__ood_val_plus_stress,44,lda_metric_prototype,14.67724609375,support_val_guided_empirical_1pct,support_val_guided_empirical_id_ood_1pct,True,False,False,False,0.0,-0.7071343892812729,-0.5951458811759949,0.464708125591278,0.0,-4.917550690293312,-5.751477241516113,0.1571650505065918,0.0,1.9802474254578875,-0.06074228882789612,13.396829223632812,0.041666666666666664,1.990306481719017,0.8869004845619202,9.221618080139159,0.7777777777777778,57.942733976576065,73.03424072265625,76.92098083496094,0.0,2.029843207667856,0.541890949010849,9.628086566925047,0.9354838709677419,69.91669897879324,74.884033203125,78.11522674560547,0.02711111111111111,6.879383968048626,7.5994343757629395,14.331352472305296,0.78325,55.705685698419806,70.99327850341797,75.89297561645508,0.06533333333333333,1.1561705116331578,-0.20106720924377441,15.158081054687496,0.0,0.02711111111111111,0.0,0.34500953555107117,-1.84979248046875
lda_metric_HH_HpHp__ood_val_only,44,lda_metric_prototype,1.585966944694519,support_val_guided_empirical_1pct,support_val_guided_empirical_id_ood_1pct,False,False,False,False,0.0,-0.09458445529143016,0.20928555727005005,1.2261213600635528,0.0,-4.063478288332621,-4.90945029258728,1.1063945293426514,0.20912280701754385,1.7299797158910517,0.24741539359092712,11.505688476562499,0.3333333333333333,2.451209927598635,1.1240364909172058,4.024578475952148,0.7777777777777778,58.35713259379069,75.01189422607422,76.78134765625,0.2647058823529412,1.6557509162846733,0.8715493679046631,5.449064016342161,0.9354838709677419,70.67285288533857,74.93411254882812,77.79069900512695,0.20266666666666666,1.2045347857210371,0.7701178789138794,3.702212917804716,0.90225,53.99107503893971,72.16875839233398,75.70874061584472,0.141,0.6774010154803594,0.941399872303009,6.306390380859375,0.2647058823529412,0.20266666666666666,0.20912280701754385,0.2524871230125427,0.07778167724609375
lda_metric_HH_HpHp__ood_val_plus_stress,44,lda_metric_prototype,14.52587890625,support_val_guided_empirical_1pct,support_val_guided_empirical_id_ood_1pct,True,False,False,False,0.0,-0.09458445529143016,0.20928555727005005,1.2261213600635528,0.0,-4.063478288332621,-4.90945029258728,1.1063945293426514,0.0,1.7299797158910517,0.24741539359092712,11.505688476562499,0.041666666666666664,2.451209927598635,1.1240364909172058,4.024578475952148,0.7777777777777778,58.35713259379069,75.01189422607422,76.78134765625,0.0,1.6557509162846733,0.8715493679046631,5.449064016342161,0.9354838709677419,70.67285288533857,74.93411254882812,77.79069900512695,0.0,1.2045347857210371,0.7701178789138794,3.702212917804716,0.78325,53.99107503893971,72.16875839233398,75.70874061584472,0.006,0.6774010154803594,0.941399872303009,6.306390380859375,0.0,0.0,0.0,0.2524871230125427,0.07778167724609375
lda_metric_MI_H_HHjit__ood_val_only,44,lda_metric_prototype,0.9798589944839478,support_val_guided_empirical_1pct,support_val_guided_empirical_id_ood_1pct,False,False,False,False,0.0016666666666666668,-0.39169218599796296,-0.06945565342903137,0.6268097102642058,0.0026666666666666666,-0.7310975917975108,-0.3070420026779175,0.6686644792556761,0.017543859649122806,-0.6553558277874663,-0.24635478854179382,0.7916245251893994,0.20833333333333334,2.8093424377342067,0.6695047616958618,21.207667964696835,0.7777777777777778,61.83254633347193,79.3337631225586,80.82035064697266,0.23529411764705882,4.061550674193046,0.6981349289417267,25.9172417640686,0.9354838709677419,76.04294408713618,81.33573150634766,81.79261016845703,0.668,15.820522293633886,22.105371475219727,29.53506336212158,0.963,66.17099577461929,78.28668212890625,81.80751495361328,0.049,-0.5518163373172283,-0.1144983172416687,0.9665126711130138,0.20833333333333334,0.668,0.017543859649122806,-0.028630167245864868,-2.0019683837890625
lda_metric_MI_H_HHjit__ood_val_plus_stress,44,lda_metric_prototype,1.193942666053772,support_val_guided_empirical_1pct,support_val_guided_empirical_id_ood_1pct,True,False,False,False,0.0016666666666666668,-0.39169218599796296,-0.06945565342903137,0.6268097102642058,0.0006666666666666666,-0.7310975917975108,-0.3070420026779175,0.6686644792556761,0.003157894736842105,-0.6553558277874663,-0.24635478854179382,0.7916245251893994,0.125,2.8093424377342067,0.6695047616958618,21.207667964696835,0.7777777777777778,61.83254633347193,79.3337631225586,80.82035064697266,0.17647058823529413,4.061550674193046,0.6981349289417267,25.9172417640686,0.9354838709677419,76.04294408713618,81.33573150634766,81.79261016845703,0.648,15.820522293633886,22.105371475219727,29.53506336212158,0.962,66.17099577461929,78.28668212890625,81.80751495361328,0.031,-0.5518163373172283,-0.1144983172416687,0.9665126711130138,0.125,0.648,0.003157894736842105,-0.028630167245864868,-2.0019683837890625
calibrated_two_head_margin__ood_val_only,45,calibrated_two_head_margin,0.0,support_val_guided_empirical_1pct,support_val_guided_empirical_id_ood_1pct,False,False,False,False,0.0,-0.007016841601008394,-0.007103259719683546,-0.007042458200617638,0.0,-0.007099857683988629,-0.007103259719683546,-0.007103259719683546,0.23719298245614034,0.18510853701601587,-0.007103259719683546,0.8874469864203335,1.0,0.7751064622673647,0.8178004036412625,0.8578805532283094,1.0,0.9401800677621831,0.9430610497326193,0.9430610497326193,0.6428571428571429,0.4893903917441666,0.7171780672979797,0.8414722916256716,1.0,0.9406773552151715,0.9430610497326193,0.9430610497326193,0.9373333333333334,0.5523016203096661,0.740962357158661,0.8397137837956401,0.9995,0.8962074814706368,0.9430610497326193,0.9430610497326193,0.33766666666666667,0.1848017549368116,-0.007103259719683546,0.8874469864203335,0.6428571428571429,0.9373333333333334,0.23719298245614034,0.10062233634328277,0.0
calibrated_two_head_margin__ood_val_plus_stress,45,calibrated_two_head_margin,0.8874469864203335,support_val_guided_empirical_1pct,support_val_guided_empirical_id_ood_1pct,True,False,False,False,0.0,-0.007016841601008394,-0.007103259719683546,-0.007042458200617638,0.0,-0.007099857683988629,-0.007103259719683546,-0.007103259719683546,0.0,0.18510853701601587,-0.007103259719683546,0.8874469864203335,0.0,0.7751064622673647,0.8178004036412625,0.8578805532283094,1.0,0.9401800677621831,0.9430610497326193,0.9430610497326193,0.0,0.4893903917441666,0.7171780672979797,0.8414722916256716,0.9696969696969697,0.9406773552151715,0.9430610497326193,0.9430610497326193,0.0,0.5523016203096661,0.740962357158661,0.8397137837956401,0.81825,0.8962074814706368,0.9430610497326193,0.9430610497326193,0.0,0.1848017549368116,-0.007103259719683546,0.8874469864203335,0.0,0.0,0.0,0.10062233634328277,0.0
logistic_twohead_fusion_uniform_rows__ood_val_only,45,logistic_twohead_fusion,0.0037941271545298234,support_val_guided_empirical_1pct,support_val_guided_empirical_id_ood_1pct,False,False,False,False,0.0,0.0014360668292445282,0.0013922853996008414,0.0015175823142705937,0.0,0.0014003444508723958,0.0013886355670648688,0.0014572857693574087,0.23298245614035087,0.002986641425563292,0.0013900469914288735,0.009101979693883629,1.0,0.8939739095182674,0.9671935867182143,0.9785976734099276,1.0,0.011610627109801873,0.012357769339471199,0.012357769339471199,0.6428571428571429,0.5905686139854847,0.9073786287644001,0.974487723438007,1.0,0.011754979507429968,0.012357769339471199,0.012357769339471199,0.9373333333333334,0.617135843738746,0.9270652873933587,0.9740099826295415,0.9995,0.15085984226920995,0.012357769339471199,0.9679009338800652,0.25466666666666665,0.004288041253748432,0.0014477969410455643,0.00908280511854894,0.6428571428571429,0.9373333333333334,0.23298245614035087,0.059814957953814196,0.0
logistic_twohead_fusion_uniform_rows__ood_val_plus_stress,45,logistic_twohead_fusion,0.009162608047546091,support_val_guided_empirical_1pct,support_val_guided_empirical_id_ood_1pct,True,False,False,False,0.0,0.0014360668292445282,0.0013922853996008414,0.0015175823142705937,0.0,0.0014003444508723958,0.0013886355670648688,0.0014572857693574087,0.0,0.002986641425563292,0.0013900469914288735,0.009101979693883629,1.0,0.8939739095182674,0.9671935867182143,0.9785976734099276,1.0,0.011610627109801873,0.012357769339471199,0.012357769339471199,0.6428571428571429,0.5905686139854847,0.9073786287644001,0.974487723438007,1.0,0.011754979507429968,0.012357769339471199,0.012357769339471199,0.8795555555555555,0.617135843738746,0.9270652873933587,0.9740099826295415,0.99775,0.15085984226920995,0.012357769339471199,0.9679009338800652,0.027333333333333334,0.004288041253748432,0.0014477969410455643,0.00908280511854894,0.6428571428571429,0.8795555555555555,0.0,0.059814957953814196,0.0
logistic_twohead_fusion_balanced_regions__ood_val_only,45,logistic_twohead_fusion,0.05185517662746557,support_val_guided_empirical_1pct,support_val_guided_empirical_id_ood_1pct,False,False,False,False,0.0,0.018066341650552514,0.017463992874559534,0.019165493748663286,0.0,0.017573590018928286,0.017414568631014544,0.018345508468775147,0.23298245614035087,0.12227778123689731,0.01743368049540579,0.5366237268355663,1.0,0.9955198311905495,0.9999142209004345,0.9999529844765508,1.0,0.6307349714542092,0.6495302292306051,0.6495302292306051,0.6428571428571429,0.6496918737711253,0.9996119613643025,0.9999398389719801,1.0,0.6343116234008179,0.6495302292306051,0.6495302292306051,0.9373333333333334,0.7853225875961021,0.9997283872150285,0.999938254233593,0.9995,0.6990081855958178,0.6495302292306051,0.9999168313628538,0.25466666666666665,0.1084287622470636,0.018216672263547944,0.5360429775076806,0.6428571428571429,0.9373333333333334,0.23298245614035087,0.00030225953613194356,0.0
logistic_twohead_fusion_balanced_regions__ood_val_plus_stress,45,logistic_twohead_fusion,0.5384514066277367,support_val_guided_empirical_1pct,support_val_guided_empirical_id_ood_1pct,True,False,False,False,0.0,0.018066341650552514,0.017463992874559534,0.019165493748663286,0.0,0.017573590018928286,0.017414568631014544,0.018345508468775147,0.0,0.12227778123689731,0.01743368049540579,0.5366237268355663,1.0,0.9955198311905495,0.9999142209004345,0.9999529844765508,1.0,0.6307349714542092,0.6495302292306051,0.6495302292306051,0.6428571428571429,0.6496918737711253,0.9996119613643025,0.9999398389719801,1.0,0.6343116234008179,0.6495302292306051,0.6495302292306051,0.756,0.7853225875961021,0.9997283872150285,0.999938254233593,0.99025,0.6990081855958178,0.6495302292306051,0.9999168313628538,0.027333333333333334,0.1084287622470636,0.018216672263547944,0.5360429775076806,0.6428571428571429,0.756,0.0,0.00030225953613194356,0.0
lda_metric_all115__ood_val_only,45,lda_metric_prototype,1.2676975727081299,support_val_guided_empirical_1pct,support_val_guided_empirical_id_ood_1pct,False,False,False,False,0.0033333333333333335,-1.2303637021780014,-1.4936895370483398,0.9467162460088728,0.0,-3.551502063751221,-4.051096200942993,0.2986146271228776,0.21859649122807018,1.7961366346007899,-0.1800232231616974,11.9216796875,0.28,1.2968348789215087,0.6908066272735596,7.474013233184803,1.0,56.771318435668945,62.18734169006348,64.59957981109619,0.25,0.92181253858975,0.7619547843933105,2.380177676677704,0.9696969696969697,7.370892987106785,5.608802795410156,17.588198089599608,0.696,4.041887713683976,4.443490266799927,10.396751499176018,0.94975,27.894652692735196,17.660764694213867,61.42747859954834,0.19233333333333333,1.7612757368087768,0.0628737211227417,26.54591064453125,0.25,0.696,0.21859649122807018,-0.07114815711975098,56.57853889465332
lda_metric_all115__ood_val_plus_stress,45,lda_metric_prototype,14.1640625,support_val_guided_empirical_1pct,support_val_guided_empirical_id_ood_1pct,True,False,False,False,0.0,-1.2303637021780014,-1.4936895370483398,0.9467162460088728,0.0,-3.551502063751221,-4.051096200942993,0.2986146271228776,0.0,1.7961366346007899,-0.1800232231616974,11.9216796875,0.0,1.2968348789215087,0.6908066272735596,7.474013233184803,1.0,56.771318435668945,62.18734169006348,64.59957981109619,0.0,0.92181253858975,0.7619547843933105,2.380177676677704,0.12121212121212122,7.370892987106785,5.608802795410156,17.588198089599608,0.0,4.041887713683976,4.443490266799927,10.396751499176018,0.55825,27.894652692735196,17.660764694213867,61.42747859954834,0.06966666666666667,1.7612757368087768,0.0628737211227417,26.54591064453125,0.0,0.0,0.0,-0.07114815711975098,56.57853889465332
lda_metric_HH_HpHp__ood_val_only,45,lda_metric_prototype,1.8379442691802979,support_val_guided_empirical_1pct,support_val_guided_empirical_id_ood_1pct,False,False,False,False,0.0,0.3243514198064804,0.42808008193969727,1.8373488783836365,0.0,-2.9829382820129395,-3.636685848236084,1.8376339673995972,0.20912280701754385,1.1284782618597935,0.2788596749305725,8.061535644531247,0.28,1.579708092212677,1.0910789966583252,5.158555984497064,1.0,60.19929599761963,60.040754318237305,64.1030834197998,0.10714285714285714,0.8521824734551566,0.4102754592895508,3.497796428203581,0.9696969696969697,7.59468936920166,5.529115676879883,16.69552688598633,0.03777777777777778,0.8488240915139517,0.7068544924259186,1.7919655323028563,0.7955,27.488831527382136,17.573781967163086,59.44145603179931,0.16933333333333334,2.0876526737213137,1.1949607133865356,22.560455322265618,0.10714285714285714,0.03777777777777778,0.20912280701754385,0.6808035373687744,54.51163864135742
lda_metric_HH_HpHp__ood_val_plus_stress,45,lda_metric_prototype,14.4256591796875,support_val_guided_empirical_1pct,support_val_guided_empirical_id_ood_1pct,True,False,False,False,0.0,0.3243514198064804,0.42808008193969727,1.8373488783836365,0.0,-2.9829382820129395,-3.636685848236084,1.8376339673995972,0.0,1.1284782618597935,0.2788596749305725,8.061535644531247,0.0,1.579708092212677,1.0910789966583252,5.158555984497064,1.0,60.19929599761963,60.040754318237305,64.1030834197998,0.0,0.8521824734551566,0.4102754592895508,3.497796428203581,0.15151515151515152,7.59468936920166,5.529115676879883,16.69552688598633,0.0,0.8488240915139517,0.7068544924259186,1.7919655323028563,0.55675,27.488831527382136,17.573781967163086,59.44145603179931,0.06766666666666667,2.0876526737213137,1.1949607133865356,22.560455322265618,0.0,0.0,0.0,0.6808035373687744,54.51163864135742
lda_metric_MI_H_HHjit__ood_val_only,45,lda_metric_prototype,1.1655218601226807,support_val_guided_empirical_1pct,support_val_guided_empirical_id_ood_1pct,False,False,False,False,0.0,0.04943070481220881,0.25278329849243164,0.9238220244646068,0.0,-0.6663634811242422,-0.05752292275428772,0.8382700085639953,0.0014035087719298245,-0.6143545786382859,0.031475841999053955,0.7609713226556777,0.12,3.2560059690475462,0.895732045173645,20.367314147949212,1.0,59.112990379333496,59.55139923095703,59.8386947631836,0.17857142857142858,4.282644190958568,0.775060623884201,26.004207038879393,0.9090909090909091,14.374506708347436,15.713165283203125,16.539411544799805,0.664,16.91680970582697,22.926063537597656,31.285359954833982,0.9615,33.54599978527427,27.490275382995605,59.43834743499756,0.0036666666666666666,-0.6825839102913936,0.019242286682128906,0.7883644551038742,0.12,0.664,0.0014035087719298245,0.12067142128944397,43.838233947753906
lda_metric_MI_H_HHjit__ood_val_plus_stress,45,lda_metric_prototype,1.347622036933899,support_val_guided_empirical_1pct,support_val_guided_empirical_id_ood_1pct,True,False,False,False,0.0,0.04943070481220881,0.25278329849243164,0.9238220244646068,0.0,-0.6663634811242422,-0.05752292275428772,0.8382700085639953,0.0,-0.6143545786382859,0.031475841999053955,0.7609713226556777,0.12,3.2560059690475462,0.895732045173645,20.367314147949212,1.0,59.112990379333496,59.55139923095703,59.8386947631836,0.14285714285714285,4.282644190958568,0.775060623884201,26.004207038879393,0.9090909090909091,14.374506708347436,15.713165283203125,16.539411544799805,0.6573333333333333,16.91680970582697,22.926063537597656,31.285359954833982,0.9615,33.54599978527427,27.490275382995605,59.43834743499756,0.0026666666666666666,-0.6825839102913936,0.019242286682128906,0.7883644551038742,0.12,0.6573333333333333,0.0,0.12067142128944397,43.838233947753906
calibrated_two_head_margin__ood_val_only,46,calibrated_two_head_margin,0.0,support_val_guided_empirical_1pct,support_val_guided_empirical_id_ood_1pct,False,False,False,False,0.0016666666666666668,-0.003918155725157162,-0.004282499602904748,-0.004167175056149652,0.0,-0.004271005223722667,-0.004282499602904748,-0.004282499602904748,0.24280701754385964,0.1529390545126549,-0.004282499602904748,0.7684407642244299,0.9375,0.6283343058211688,0.8198754046155123,0.8692424393544201,1.0,0.9467315461713096,0.9467315461713096,0.9467315461713096,0.9393939393939394,0.5854581596234577,0.5708332961964346,0.8692424393544201,1.0,0.9171654977415122,0.9467315461713096,0.9467315461713096,0.992,0.6616231190843093,0.7299589677949739,0.8692424393544201,0.9995,0.907723597414813,0.9467315461713096,0.9467315461713096,0.356,0.1371673965445623,-0.004282499602904748,0.7684407642244299,0.9375,0.992,0.24280701754385964,0.2490421084190777,0.0
calibrated_two_head_margin__ood_val_plus_stress,46,calibrated_two_head_margin,0.7684407642244299,support_val_guided_empirical_1pct,support_val_guided_empirical_id_ood_1pct,True,False,False,False,0.0,-0.003918155725157162,-0.004282499602904748,-0.004167175056149652,0.0,-0.004271005223722667,-0.004282499602904748,-0.004282499602904748,0.0017543859649122807,0.1529390545126549,-0.004282499602904748,0.7684407642244299,0.5625,0.6283343058211688,0.8198754046155123,0.8692424393544201,1.0,0.9467315461713096,0.9467315461713096,0.9467315461713096,0.45454545454545453,0.5854581596234577,0.5708332961964346,0.8692424393544201,0.9428571428571428,0.9171654977415122,0.9467315461713096,0.9467315461713096,0.33644444444444443,0.6616231190843093,0.7299589677949739,0.8692424393544201,0.899,0.907723597414813,0.9467315461713096,0.9467315461713096,0.0,0.1371673965445623,-0.004282499602904748,0.7684407642244299,0.45454545454545453,0.33644444444444443,0.0017543859649122807,0.2490421084190777,0.0
logistic_twohead_fusion_uniform_rows__ood_val_only,46,logistic_twohead_fusion,0.004598554429702877,support_val_guided_empirical_1pct,support_val_guided_empirical_id_ood_1pct,False,False,False,False,0.0016666666666666668,0.002265498708106303,0.0021778195168920228,0.002451166442876467,0.0,0.0022895765652121173,0.0022400179858048696,0.002445967732211572,0.19263157894736843,0.0033179383313298796,0.0022582243605182278,0.007481838141471618,0.9375,0.6783875830353311,0.9647554835698016,0.979495771305744,1.0,0.011753645054584257,0.011753645054584257,0.011753645054584257,0.9393939393939394,0.584928285932425,0.6653842108815522,0.979495771305744,1.0,0.011241392253031585,0.011753645054584257,0.013604648674184145,0.992,0.7636078741217813,0.915696483857131,0.979495771305744,0.9995,0.16806322025705095,0.011753645054584257,0.9597698747485527,0.157,0.003325093809394717,0.0022921842237789624,0.007375129817939963,0.9375,0.992,0.19263157894736843,0.29937127268824937,0.0
logistic_twohead_fusion_uniform_rows__ood_val_plus_stress,46,logistic_twohead_fusion,0.008860009030749808,support_val_guided_empirical_1pct,support_val_guided_empirical_id_ood_1pct,True,False,False,False,0.0016666666666666668,0.002265498708106303,0.0021778195168920228,0.002451166442876467,0.0,0.0022895765652121173,0.0022400179858048696,0.002445967732211572,0.0,0.0033179383313298796,0.0022582243605182278,0.007481838141471618,0.9375,0.6783875830353311,0.9647554835698016,0.979495771305744,1.0,0.011753645054584257,0.011753645054584257,0.011753645054584257,0.9393939393939394,0.584928285932425,0.6653842108815522,0.979495771305744,0.8857142857142857,0.011241392253031585,0.011753645054584257,0.013604648674184145,0.9915555555555555,0.7636078741217813,0.915696483857131,0.979495771305744,0.99825,0.16806322025705095,0.011753645054584257,0.9597698747485527,0.012333333333333333,0.003325093809394717,0.0022921842237789624,0.007375129817939963,0.8857142857142857,0.9915555555555555,0.0016666666666666668,0.29937127268824937,0.0
logistic_twohead_fusion_balanced_regions__ood_val_only,46,logistic_twohead_fusion,0.13758300539634993,support_val_guided_empirical_1pct,support_val_guided_empirical_id_ood_1pct,False,False,False,False,0.0016666666666666668,0.032146138444639004,0.02935046677788676,0.037774264464597446,0.0,0.03284655211710138,0.03117414870772621,0.037604239783957216,0.19298245614035087,0.10489004915721702,0.03171840648338423,0.4050083262500534,0.9375,0.9213523076033747,0.9999999961827829,0.9999999991353432,1.0,0.6700303570110584,0.6700303570110584,0.6700303570110584,0.9393939393939394,0.9417708929938927,0.9999976827818475,0.9999999991353432,1.0,0.6366379146795911,0.6700303570110584,0.7341006912656467,0.992,0.9848404791324978,0.9999999671388184,0.9999999991353432,0.9995,0.7208943593265076,0.6700303570110584,0.9999999952424534,0.18666666666666668,0.09788828070363592,0.0331201777331763,0.39735059479363,0.9375,0.992,0.19298245614035087,2.313400935372023e-06,0.0
logistic_twohead_fusion_balanced_regions__ood_val_plus_stress,46,logistic_twohead_fusion,0.5117126340850929,support_val_guided_empirical_1pct,support_val_guided_empirical_id_ood_1pct,True,False,False,False,0.0016666666666666668,0.032146138444639004,0.02935046677788676,0.037774264464597446,0.0,0.03284655211710138,0.03117414870772621,0.037604239783957216,0.0,0.10489004915721702,0.03171840648338423,0.4050083262500534,0.9375,0.9213523076033747,0.9999999961827829,0.9999999991353432,1.0,0.6700303570110584,0.6700303570110584,0.6700303570110584,0.9393939393939394,0.9417708929938927,0.9999976827818475,0.9999999991353432,0.9714285714285714,0.6366379146795911,0.6700303570110584,0.7341006912656467,0.9915555555555555,0.9848404791324978,0.9999999671388184,0.9999999991353432,0.99825,0.7208943593265076,0.6700303570110584,0.9999999952424534,0.006,0.09788828070363592,0.0331201777331763,0.39735059479363,0.9375,0.9915555555555555,0.0016666666666666668,2.313400935372023e-06,0.0
lda_metric_all115__ood_val_only,46,lda_metric_prototype,0.6444715261459351,support_val_guided_empirical_1pct,support_val_guided_empirical_id_ood_1pct,False,False,False,False,0.0,-0.6543293989698092,-0.5457947850227356,0.25711870193481445,0.0,-2.7363938818772633,-3.277591586112976,0.4551208019256592,0.3989473684210526,1.4375923798586192,0.41686153411865234,8.891168212890621,0.5,3.8865133225917816,0.5748038589954376,19.413577556610107,1.0,42.007691383361816,42.46792030334473,43.805366897583006,0.3333333333333333,2.3642751231338037,0.025014638900756836,18.827850341796875,0.9714285714285714,35.516284816605705,36.98768615722656,45.11612892150879,0.7737777777777778,11.950196515056822,17.209903717041016,20.169872951507568,0.99575,29.8841041161716,36.36269569396973,42.43704833984375,0.25633333333333336,1.3921631946762403,0.059005796909332275,17.838326263427735,0.3333333333333333,0.7737777777777778,0.3989473684210526,0.5497892200946808,5.480234146118164
lda_metric_all115__ood_val_plus_stress,46,lda_metric_prototype,12.37890625,support_val_guided_empirical_1pct,support_val_guided_empirical_id_ood_1pct,True,False,False,False,0.0,-0.6543293989698092,-0.5457947850227356,0.25711870193481445,0.0,-2.7363938818772633,-3.277591586112976,0.4551208019256592,0.0,1.4375923798586192,0.41686153411865234,8.891168212890621,0.1875,3.8865133225917816,0.5748038589954376,19.413577556610107,1.0,42.007691383361816,42.46792030334473,43.805366897583006,0.13636363636363635,2.3642751231338037,0.025014638900756836,18.827850341796875,0.9142857142857143,35.516284816605705,36.98768615722656,45.11612892150879,0.6017777777777777,11.950196515056822,17.209903717041016,20.169872951507568,0.90225,29.8841041161716,36.36269569396973,42.43704833984375,0.08633333333333333,1.3921631946762403,0.059005796909332275,17.838326263427735,0.13636363636363635,0.6017777777777777,0.0,0.5497892200946808,5.480234146118164
lda_metric_HH_HpHp__ood_val_only,46,lda_metric_prototype,0.9923626184463501,support_val_guided_empirical_1pct,support_val_guided_empirical_id_ood_1pct,False,False,False,False,0.01,-0.07804774930079778,0.06670534610748291,0.5811759412288666,0.0,-2.8604521862268446,-3.2740955352783203,0.5809532523155212,0.2375438596491228,0.8426488710495463,0.47230756282806396,6.399536132812497,0.5625,1.3839135691523552,1.1103507280349731,4.213910341262817,1.0,42.539753437042236,43.29524230957031,44.25004138946533,0.30303030303030304,2.527388874328498,0.42967909574508667,21.597460746765137,0.9428571428571428,37.43249016148703,39.89310073852539,45.34475250244141,0.6151111111111112,1.2948712033165826,1.1672335863113403,3.039814662933345,0.95,27.704331937253475,37.61687660217285,43.42952537536621,0.174,0.38565384497245153,0.5024397373199463,5.31983642578125,0.30303030303030304,0.6151111111111112,0.2375438596491228,0.6806716322898865,3.402141571044922
lda_metric_HH_HpHp__ood_val_plus_stress,46,lda_metric_prototype,8.6505126953125,support_val_guided_empirical_1pct,support_val_guided_empirical_id_ood_1pct,True,False,False,False,0.0,-0.07804774930079778,0.06670534610748291,0.5811759412288666,0.0,-2.8604521862268446,-3.2740955352783203,0.5809532523155212,0.0,0.8426488710495463,0.47230756282806396,6.399536132812497,0.0,1.3839135691523552,1.1103507280349731,4.213910341262817,1.0,42.539753437042236,43.29524230957031,44.25004138946533,0.09090909090909091,2.527388874328498,0.42967909574508667,21.597460746765137,0.9142857142857143,37.43249016148703,39.89310073852539,45.34475250244141,0.014222222222222223,1.2948712033165826,1.1672335863113403,3.039814662933345,0.80025,27.704331937253475,37.61687660217285,43.42952537536621,0.011666666666666667,0.38565384497245153,0.5024397373199463,5.31983642578125,0.0,0.014222222222222223,0.0,0.6806716322898865,3.402141571044922
lda_metric_MI_H_HHjit__ood_val_only,46,lda_metric_prototype,1.0304956436157227,support_val_guided_empirical_1pct,support_val_guided_empirical_id_ood_1pct,False,False,False,False,0.0,-0.03242728218436241,0.15205183625221252,0.737893533706665,0.0,-0.8350480034947395,-0.33254456520080566,0.7820652514696121,0.0,-0.5315518134204965,0.04105213284492493,0.715985596179962,0.1875,5.724361481145024,0.5768753886222839,28.439598560333252,1.0,49.302677631378174,49.25663185119629,50.398800468444826,0.045454545454545456,1.8422039065397147,0.618270754814148,0.8863862901926041,0.8857142857142857,43.789014181068964,50.567161560058594,51.0022647857666,0.6635555555555556,17.486465219179788,26.48637866973877,30.77201156616211,0.9615,42.67546775830537,48.30021667480469,50.73332595825195,0.011666666666666667,-0.5793092231402794,0.10034400224685669,0.714891105890274,0.045454545454545456,0.6635555555555556,0.0,-0.041395366191864014,-1.3105297088623047
lda_metric_MI_H_HHjit__ood_val_plus_stress,46,lda_metric_prototype,1.0304956436157227,support_val_guided_empirical_1pct,support_val_guided_empirical_id_ood_1pct,True,False,False,False,0.0,-0.03242728218436241,0.15205183625221252,0.737893533706665,0.0,-0.8350480034947395,-0.33254456520080566,0.7820652514696121,0.0,-0.5315518134204965,0.04105213284492493,0.715985596179962,0.1875,5.724361481145024,0.5768753886222839,28.439598560333252,1.0,49.302677631378174,49.25663185119629,50.398800468444826,0.045454545454545456,1.8422039065397147,0.618270754814148,0.8863862901926041,0.8857142857142857,43.789014181068964,50.567161560058594,51.0022647857666,0.6635555555555556,17.486465219179788,26.48637866973877,30.77201156616211,0.9615,42.67546775830537,48.30021667480469,50.73332595825195,0.011666666666666667,-0.5793092231402794,0.10034400224685669,0.714891105890274,0.045454545454545456,0.6635555555555556,0.0,-0.041395366191864014,-1.3105297088623047
