evaluation_role,dataset,holdout,split_protocol,adapter,selected_config_id,model_type,seed,seed_group,representation,support_method,support_size,ood_target,ood_target_label,roc_auc,pr_auc,pauc_fpr_1pct,tpr_at_fpr_1pct,attack_high_detection,final_ood_high_alarm,feasible_final_1pct,threshold,attack_eval_size,final_ood_eval_size,feature_dim,train_time,inference_time,parameter_count,hard_negative_count,provenance_clean,final_eval_used_for_selection
locked,locked_harder_holdout,holdout_bin_5,issue23_locked_leave_one_bin_local_calibration,A0_lr_baseline,lr_fixed_guard,lr,42,main_42_46,selected_source_rich_top64,kcenter,32,0.01,1.0pct,0.9811110604332952,0.9727854578991534,0.9830738641898202,0.9680729760547321,0.9680729760547321,0.0045,True,-4.102580408336336,877,10000,64,0.5421694999968167,0.019443400000454858,65,0,True,False
locked,locked_harder_holdout,holdout_bin_5,issue23_locked_leave_one_bin_local_calibration,A1_low_fpr_weighted_lr,lr_tail_q0.975_w8.0_a1.0,lr,42,main_42_46,selected_source_rich_top64,kcenter,32,0.01,1.0pct,0.9810759407069556,0.972827290021989,0.9831082436125897,0.9680729760547321,0.9680729760547321,0.0039,True,-4.109648427469117,877,10000,64,1.0437009000161197,0.02313379998668097,65,50,True,False
locked,locked_harder_holdout,holdout_bin_5,issue23_locked_leave_one_bin_local_calibration,A2_linear_svm_margin,sgd_hinge_alpha1e-05_a1.0,linear_svm,42,main_42_46,selected_source_rich_top64,kcenter,32,0.01,1.0pct,0.9797660205245154,0.9340663096635431,0.8905359179019385,0.8973774230330672,0.8015963511972634,0.0032,True,-3019.632651337058,877,10000,64,0.07416799999191426,0.024459000007482246,65,0,True,False
locked,locked_harder_holdout,holdout_bin_5,issue23_locked_leave_one_bin_local_calibration,A0_lr_baseline,lr_fixed_guard,lr,43,main_42_46,selected_source_rich_top64,kcenter,32,0.01,1.0pct,0.9811110604332952,0.9727854578991534,0.9830738641898202,0.9680729760547321,0.9680729760547321,0.0045,True,-4.102580408336336,877,10000,64,0.493179200013401,0.023380800004815683,65,0,True,False
locked,locked_harder_holdout,holdout_bin_5,issue23_locked_leave_one_bin_local_calibration,A1_low_fpr_weighted_lr,lr_tail_q0.975_w8.0_a1.0,lr,43,main_42_46,selected_source_rich_top64,kcenter,32,0.01,1.0pct,0.9810759407069556,0.972827290021989,0.9831082436125897,0.9680729760547321,0.9680729760547321,0.0039,True,-4.109648427469117,877,10000,64,1.0391846999991685,0.01911290001589805,65,50,True,False
locked,locked_harder_holdout,holdout_bin_5,issue23_locked_leave_one_bin_local_calibration,A2_linear_svm_margin,sgd_hinge_alpha1e-05_a1.0,linear_svm,43,main_42_46,selected_source_rich_top64,kcenter,32,0.01,1.0pct,0.9857986316989736,0.9460260756036178,0.8908281429954792,0.9190421892816419,0.8654503990877993,0.0051,True,-703.8042717354106,877,10000,64,0.06243650001124479,0.019949400011682883,65,0,True,False
locked,locked_harder_holdout,holdout_bin_5,issue23_locked_leave_one_bin_local_calibration,A0_lr_baseline,lr_fixed_guard,lr,44,main_42_46,selected_source_rich_top64,kcenter,32,0.01,1.0pct,0.9811110604332952,0.9727854578991534,0.9830738641898202,0.9680729760547321,0.9680729760547321,0.0045,True,-4.102580408336336,877,10000,64,0.4850021000020206,0.020607300015399233,65,0,True,False
locked,locked_harder_holdout,holdout_bin_5,issue23_locked_leave_one_bin_local_calibration,A1_low_fpr_weighted_lr,lr_tail_q0.975_w8.0_a1.0,lr,44,main_42_46,selected_source_rich_top64,kcenter,32,0.01,1.0pct,0.9810759407069556,0.972827290021989,0.9831082436125897,0.9680729760547321,0.9680729760547321,0.0039,True,-4.109648427469117,877,10000,64,1.0441196000028867,0.021962900005746633,65,50,True,False
locked,locked_harder_holdout,holdout_bin_5,issue23_locked_leave_one_bin_local_calibration,A2_linear_svm_margin,sgd_hinge_alpha1e-05_a1.0,linear_svm,44,main_42_46,selected_source_rich_top64,kcenter,32,0.01,1.0pct,0.983323945267959,0.940344021157537,0.8886736991685911,0.9042189281641961,0.8278221208665907,0.0036,True,-2143.4591122129827,877,10000,64,0.07477259999723174,0.01764740000362508,65,0,True,False
locked,locked_harder_holdout,holdout_bin_5,issue23_locked_leave_one_bin_local_calibration,A0_lr_baseline,lr_fixed_guard,lr,45,main_42_46,selected_source_rich_top64,kcenter,32,0.01,1.0pct,0.9811110604332952,0.9727854578991534,0.9830738641898202,0.9680729760547321,0.9680729760547321,0.0045,True,-4.102580408336336,877,10000,64,0.5056886000093073,0.0164812000002712,65,0,True,False
locked,locked_harder_holdout,holdout_bin_5,issue23_locked_leave_one_bin_local_calibration,A1_low_fpr_weighted_lr,lr_tail_q0.975_w8.0_a1.0,lr,45,main_42_46,selected_source_rich_top64,kcenter,32,0.01,1.0pct,0.9810759407069556,0.972827290021989,0.9831082436125897,0.9680729760547321,0.9680729760547321,0.0039,True,-4.109648427469117,877,10000,64,0.9474300000001676,0.01756740000564605,65,50,True,False
locked,locked_harder_holdout,holdout_bin_5,issue23_locked_leave_one_bin_local_calibration,A2_linear_svm_margin,sgd_hinge_alpha0.0001_a2.0,linear_svm,45,main_42_46,selected_source_rich_top64,kcenter,32,0.01,1.0pct,0.9857257696693272,0.9155324847680585,0.8236564808076873,0.855188141391106,0.8358038768529077,0.0096,True,-237.70865737415872,877,10000,64,0.12738749998970889,0.026157199987210333,65,0,True,False
locked,locked_harder_holdout,holdout_bin_5,issue23_locked_leave_one_bin_local_calibration,A0_lr_baseline,lr_fixed_guard,lr,46,main_42_46,selected_source_rich_top64,kcenter,32,0.01,1.0pct,0.9811110604332952,0.9727854578991534,0.9830738641898202,0.9680729760547321,0.9680729760547321,0.0045,True,-4.102580408336336,877,10000,64,0.5616903000045568,0.01962090001325123,65,0,True,False
locked,locked_harder_holdout,holdout_bin_5,issue23_locked_leave_one_bin_local_calibration,A1_low_fpr_weighted_lr,lr_tail_q0.975_w8.0_a1.0,lr,46,main_42_46,selected_source_rich_top64,kcenter,32,0.01,1.0pct,0.9810759407069556,0.972827290021989,0.9831082436125897,0.9680729760547321,0.9680729760547321,0.0039,True,-4.109648427469117,877,10000,64,1.0477247000089847,0.01748419998330064,65,50,True,False
locked,locked_harder_holdout,holdout_bin_5,issue23_locked_leave_one_bin_local_calibration,A2_linear_svm_margin,sgd_hinge_alpha1e-05_a1.0,linear_svm,46,main_42_46,selected_source_rich_top64,kcenter,32,0.01,1.0pct,0.9867428734321549,0.9388489902180223,0.8669344441706823,0.887115165336374,0.9007981755986317,0.011,False,-2993.202674502064,877,10000,64,0.09811749999062158,0.015681899996707216,65,0,True,False
locked,locked_harder_holdout,holdout_bin_5,issue23_locked_leave_one_bin_local_calibration,A0_lr_baseline,lr_fixed_guard,lr,47,heldout_47_51,selected_source_rich_top64,kcenter,32,0.01,1.0pct,0.9811110604332952,0.9727854578991534,0.9830738641898202,0.9680729760547321,0.9680729760547321,0.0045,True,-4.102580408336336,877,10000,64,0.5397884000267368,0.013400399999227375,65,0,True,False
locked,locked_harder_holdout,holdout_bin_5,issue23_locked_leave_one_bin_local_calibration,A1_low_fpr_weighted_lr,lr_tail_q0.95_w4.0_a1.0,lr,47,heldout_47_51,selected_source_rich_top64,kcenter,32,0.01,1.0pct,0.9811726339794755,0.9728602134945449,0.9831025137087948,0.9680729760547321,0.9680729760547321,0.0042,True,-4.112643225080585,877,10000,64,1.1040824000083376,0.020233199989888817,65,100,True,False
locked,locked_harder_holdout,holdout_bin_5,issue23_locked_leave_one_bin_local_calibration,A2_linear_svm_margin,sgd_hinge_alpha1e-05_a1.0,linear_svm,47,heldout_47_51,selected_source_rich_top64,kcenter,32,0.01,1.0pct,0.9779956670467503,0.9112388633742081,0.8337869507170974,0.8734321550741163,0.8574686431014823,0.0087,True,-3295.3229980647397,877,10000,64,0.07931800000369549,0.01600879998295568,65,0,True,False
locked,locked_harder_holdout,holdout_bin_5,issue23_locked_leave_one_bin_local_calibration,A0_lr_baseline,lr_fixed_guard,lr,48,heldout_47_51,selected_source_rich_top64,kcenter,32,0.01,1.0pct,0.9811110604332952,0.9727854578991534,0.9830738641898202,0.9680729760547321,0.9680729760547321,0.0045,True,-4.102580408336336,877,10000,64,0.5510317000153009,0.02105080001638271,65,0,True,False
locked,locked_harder_holdout,holdout_bin_5,issue23_locked_leave_one_bin_local_calibration,A1_low_fpr_weighted_lr,lr_tail_q0.975_w4.0_a1.0,lr,48,heldout_47_51,selected_source_rich_top64,kcenter,32,0.01,1.0pct,0.9810710376282781,0.9728031164917126,0.9831139735163846,0.9680729760547321,0.9680729760547321,0.0042,True,-4.125760918009893,877,10000,64,1.0135846000048332,0.024753600009717047,65,50,True,False
locked,locked_harder_holdout,holdout_bin_5,issue23_locked_leave_one_bin_local_calibration,A2_linear_svm_margin,sgd_hinge_alpha0.0001_a2.0,linear_svm,48,heldout_47_51,selected_source_rich_top64,kcenter,32,0.01,1.0pct,0.9776900798175598,0.8804584069005168,0.805486955874011,0.8540478905359179,0.36830102622576966,0.0021,True,456.7167150917896,877,10000,64,0.06271339999511838,0.01849799999035895,65,0,True,False
locked,locked_harder_holdout,holdout_bin_5,issue23_locked_leave_one_bin_local_calibration,A0_lr_baseline,lr_fixed_guard,lr,49,heldout_47_51,selected_source_rich_top64,kcenter,32,0.01,1.0pct,0.9811110604332952,0.9727854578991534,0.9830738641898202,0.9680729760547321,0.9680729760547321,0.0045,True,-4.102580408336336,877,10000,64,0.5392300999956205,0.02397519999067299,65,0,True,False
locked,locked_harder_holdout,holdout_bin_5,issue23_locked_leave_one_bin_local_calibration,A1_low_fpr_weighted_lr,lr_tail_q0.975_w8.0_a1.0,lr,49,heldout_47_51,selected_source_rich_top64,kcenter,32,0.01,1.0pct,0.9810759407069556,0.972827290021989,0.9831082436125897,0.9680729760547321,0.9680729760547321,0.0039,True,-4.109648427469117,877,10000,64,1.0529476999945473,0.03073430000222288,65,50,True,False
locked,locked_harder_holdout,holdout_bin_5,issue23_locked_leave_one_bin_local_calibration,A2_linear_svm_margin,sgd_hinge_alpha0.0001_a2.0,linear_svm,49,heldout_47_51,selected_source_rich_top64,kcenter,32,0.01,1.0pct,0.9836521094640821,0.9350251408573851,0.876291377067779,0.8996579247434435,0.7810718358038768,0.0038,True,109.01036760194546,877,10000,64,0.06234699999913573,0.01491240001632832,65,0,True,False
locked,locked_harder_holdout,holdout_bin_5,issue23_locked_leave_one_bin_local_calibration,A0_lr_baseline,lr_fixed_guard,lr,50,heldout_47_51,selected_source_rich_top64,kcenter,32,0.01,1.0pct,0.9811110604332952,0.9727854578991534,0.9830738641898202,0.9680729760547321,0.9680729760547321,0.0045,True,-4.102580408336336,877,10000,64,0.4731681999983266,0.0222238999849651,65,0,True,False
locked,locked_harder_holdout,holdout_bin_5,issue23_locked_leave_one_bin_local_calibration,A1_low_fpr_weighted_lr,lr_tail_q0.95_w4.0_a1.0,lr,50,heldout_47_51,selected_source_rich_top64,kcenter,32,0.01,1.0pct,0.9811726339794755,0.9728602134945449,0.9831025137087948,0.9680729760547321,0.9680729760547321,0.0042,True,-4.112643225080585,877,10000,64,0.999413999990793,0.029208599997218698,65,100,True,False
locked,locked_harder_holdout,holdout_bin_5,issue23_locked_leave_one_bin_local_calibration,A2_linear_svm_margin,sgd_hinge_alpha0.0001_a1.0,linear_svm,50,heldout_47_51,selected_source_rich_top64,kcenter,32,0.01,1.0pct,0.9837099771949829,0.9245585644151222,0.8641583057820459,0.8608893956670467,0.8129988597491448,0.0045,True,-273.6705904606813,877,10000,64,0.05980250000720844,0.019363500003237277,65,0,True,False
locked,locked_harder_holdout,holdout_bin_5,issue23_locked_leave_one_bin_local_calibration,A0_lr_baseline,lr_fixed_guard,lr,51,heldout_47_51,selected_source_rich_top64,kcenter,32,0.01,1.0pct,0.9811110604332952,0.9727854578991534,0.9830738641898202,0.9680729760547321,0.9680729760547321,0.0045,True,-4.102580408336336,877,10000,64,0.5372705000045244,0.017348699999274686,65,0,True,False
locked,locked_harder_holdout,holdout_bin_5,issue23_locked_leave_one_bin_local_calibration,A1_low_fpr_weighted_lr,lr_tail_q0.975_w8.0_a1.0,lr,51,heldout_47_51,selected_source_rich_top64,kcenter,32,0.01,1.0pct,0.9810759407069556,0.972827290021989,0.9831082436125897,0.9680729760547321,0.9680729760547321,0.0039,True,-4.109648427469117,877,10000,64,1.0473743000184186,0.025124800013145432,65,50,True,False
locked,locked_harder_holdout,holdout_bin_5,issue23_locked_leave_one_bin_local_calibration,A2_linear_svm_margin,sgd_hinge_alpha1e-05_a1.0,linear_svm,51,heldout_47_51,selected_source_rich_top64,kcenter,32,0.01,1.0pct,0.9867091220068416,0.9529757343857393,0.904843487677842,0.9293044469783353,0.9122006841505131,0.0069,True,-2107.353269776809,877,10000,64,0.07477720000315458,0.011038900003768504,65,0,True,False
locked,locked_harder_holdout,holdout_bin_6,issue23_locked_leave_one_bin_local_calibration,A0_lr_baseline,lr_fixed_guard,lr,42,main_42_46,selected_source_rich_top64,kcenter,32,0.01,1.0pct,0.9826834165834166,0.9750582019196735,0.9841615670761399,0.97002997002997,0.97002997002997,0.0045,True,-4.118561382207412,1001,10000,64,0.5045505999878515,0.025365499983308837,65,0,True,False
locked,locked_harder_holdout,holdout_bin_6,issue23_locked_leave_one_bin_local_calibration,A1_low_fpr_weighted_lr,lr_tail_q0.95_w4.0_a1.0,lr,42,main_42_46,selected_source_rich_top64,kcenter,32,0.01,1.0pct,0.9828815184815185,0.975164002229791,0.9841013258098685,0.97002997002997,0.97002997002997,0.0044,True,-4.118493743169519,1001,10000,64,1.068989799998235,0.01650930001051165,65,100,True,False
locked,locked_harder_holdout,holdout_bin_6,issue23_locked_leave_one_bin_local_calibration,A2_linear_svm_margin,sgd_hinge_alpha1e-05_a1.0,linear_svm,42,main_42_46,selected_source_rich_top64,kcenter,32,0.01,1.0pct,0.9891678321678322,0.9594233725618638,0.8983629435890743,0.9070929070929071,0.8751248751248751,0.0061,True,-2158.8799556712916,1001,10000,64,0.095341299980646,0.014652600017143413,65,0,True,False
locked,locked_harder_holdout,holdout_bin_6,issue23_locked_leave_one_bin_local_calibration,A0_lr_baseline,lr_fixed_guard,lr,43,main_42_46,selected_source_rich_top64,kcenter,32,0.01,1.0pct,0.9826834165834166,0.9750582019196735,0.9841615670761399,0.97002997002997,0.97002997002997,0.0045,True,-4.118561382207412,1001,10000,64,0.4976977000187617,0.019455800007563084,65,0,True,False
locked,locked_harder_holdout,holdout_bin_6,issue23_locked_leave_one_bin_local_calibration,A1_low_fpr_weighted_lr,lr_tail_q0.975_w8.0_a1.0,lr,43,main_42_46,selected_source_rich_top64,kcenter,32,0.01,1.0pct,0.9828490509490508,0.9751468283753705,0.9841113660209138,0.97002997002997,0.97002997002997,0.004,True,-4.115765722165853,1001,10000,64,1.0419571000093129,0.03445669999928214,65,50,True,False
locked,locked_harder_holdout,holdout_bin_6,issue23_locked_leave_one_bin_local_calibration,A2_linear_svm_margin,sgd_hinge_alpha0.0001_a2.0,linear_svm,43,main_42_46,selected_source_rich_top64,kcenter,32,0.01,1.0pct,0.9625374625374625,0.8982926692197486,0.843593592337311,0.8651348651348651,0.8621378621378621,0.0099,True,-103.79884866841618,1001,10000,64,0.07554859999800101,0.023214799992274493,65,0,True,False
locked,locked_harder_holdout,holdout_bin_6,issue23_locked_leave_one_bin_local_calibration,A0_lr_baseline,lr_fixed_guard,lr,44,main_42_46,selected_source_rich_top64,kcenter,32,0.01,1.0pct,0.9826834165834166,0.9750582019196735,0.9841615670761399,0.97002997002997,0.97002997002997,0.0045,True,-4.118561382207412,1001,10000,64,0.5510523999982979,0.02105209999717772,65,0,True,False
locked,locked_harder_holdout,holdout_bin_6,issue23_locked_leave_one_bin_local_calibration,A1_low_fpr_weighted_lr,lr_tail_q0.975_w8.0_a1.0,lr,44,main_42_46,selected_source_rich_top64,kcenter,32,0.01,1.0pct,0.9828490509490508,0.9751468283753705,0.9841113660209138,0.97002997002997,0.97002997002997,0.004,True,-4.115765722165853,1001,10000,64,0.9759660999989137,0.017452900006901473,65,50,True,False
locked,locked_harder_holdout,holdout_bin_6,issue23_locked_leave_one_bin_local_calibration,A2_linear_svm_margin,sgd_hinge_alpha1e-05_a1.0,linear_svm,44,main_42_46,selected_source_rich_top64,kcenter,32,0.01,1.0pct,0.982278921078921,0.9098477417474311,0.7926997625490088,0.8491508491508492,0.8791208791208791,0.0135,False,-3546.1733557982193,1001,10000,64,0.07388440001523122,0.009109100006753579,65,0,True,False
locked,locked_harder_holdout,holdout_bin_6,issue23_locked_leave_one_bin_local_calibration,A0_lr_baseline,lr_fixed_guard,lr,45,main_42_46,selected_source_rich_top64,kcenter,32,0.01,1.0pct,0.9826834165834166,0.9750582019196735,0.9841615670761399,0.97002997002997,0.97002997002997,0.0045,True,-4.118561382207412,1001,10000,64,0.5914277999836486,0.024685600015800446,65,0,True,False
locked,locked_harder_holdout,holdout_bin_6,issue23_locked_leave_one_bin_local_calibration,A1_low_fpr_weighted_lr,lr_tail_q0.975_w8.0_a1.0,lr,45,main_42_46,selected_source_rich_top64,kcenter,32,0.01,1.0pct,0.9828490509490508,0.9751468283753705,0.9841113660209138,0.97002997002997,0.97002997002997,0.004,True,-4.115765722165853,1001,10000,64,0.9973373000102583,0.01861199998529628,65,50,True,False
locked,locked_harder_holdout,holdout_bin_6,issue23_locked_leave_one_bin_local_calibration,A2_linear_svm_margin,sgd_hinge_alpha0.0001_a2.0,linear_svm,45,main_42_46,selected_source_rich_top64,kcenter,32,0.01,1.0pct,0.9855529470529472,0.9460148050310547,0.8826801339364153,0.922077922077922,0.5114885114885115,0.0009,True,454.1118513184095,1001,10000,64,0.05956980001064949,0.012092500022845343,65,0,True,False
locked,locked_harder_holdout,holdout_bin_6,issue23_locked_leave_one_bin_local_calibration,A0_lr_baseline,lr_fixed_guard,lr,46,main_42_46,selected_source_rich_top64,kcenter,32,0.01,1.0pct,0.9826834165834166,0.9750582019196735,0.9841615670761399,0.97002997002997,0.97002997002997,0.0045,True,-4.118561382207412,1001,10000,64,0.4829450999968685,0.02110840001842007,65,0,True,False
locked,locked_harder_holdout,holdout_bin_6,issue23_locked_leave_one_bin_local_calibration,A1_low_fpr_weighted_lr,lr_tail_q0.975_w8.0_a1.0,lr,46,main_42_46,selected_source_rich_top64,kcenter,32,0.01,1.0pct,0.9828490509490508,0.9751468283753705,0.9841113660209138,0.97002997002997,0.97002997002997,0.004,True,-4.115765722165853,1001,10000,64,1.0074504000076558,0.018504400009987876,65,50,True,False
locked,locked_harder_holdout,holdout_bin_6,issue23_locked_leave_one_bin_local_calibration,A2_linear_svm_margin,sgd_hinge_alpha1e-05_a1.0,linear_svm,46,main_42_46,selected_source_rich_top64,kcenter,32,0.01,1.0pct,0.9768091908091907,0.9091903941689142,0.8082420092470344,0.8351648351648352,0.6703296703296703,0.0046,True,-946.7437308933465,1001,10000,64,0.05995579998125322,0.01512130000628531,65,0,True,False
locked,locked_harder_holdout,holdout_bin_6,issue23_locked_leave_one_bin_local_calibration,A0_lr_baseline,lr_fixed_guard,lr,47,heldout_47_51,selected_source_rich_top64,kcenter,32,0.01,1.0pct,0.9826834165834166,0.9750582019196735,0.9841615670761399,0.97002997002997,0.97002997002997,0.0045,True,-4.118561382207412,1001,10000,64,0.5143613000109326,0.022188999981153756,65,0,True,False
locked,locked_harder_holdout,holdout_bin_6,issue23_locked_leave_one_bin_local_calibration,A1_low_fpr_weighted_lr,lr_tail_q0.95_w4.0_a1.0,lr,47,heldout_47_51,selected_source_rich_top64,kcenter,32,0.01,1.0pct,0.9828815184815185,0.975164002229791,0.9841013258098685,0.97002997002997,0.97002997002997,0.0044,True,-4.118493743169519,1001,10000,64,0.9756816999870352,0.018719099985901266,65,100,True,False
locked,locked_harder_holdout,holdout_bin_6,issue23_locked_leave_one_bin_local_calibration,A2_linear_svm_margin,sgd_hinge_alpha1e-05_a1.0,linear_svm,47,heldout_47_51,selected_source_rich_top64,kcenter,32,0.01,1.0pct,0.9792165834165834,0.9345099350014918,0.8939201502015572,0.8811188811188811,0.38461538461538464,0.0,True,4626.335793175365,1001,10000,64,0.0771662000042852,0.01580130000365898,65,0,True,False
locked,locked_harder_holdout,holdout_bin_6,issue23_locked_leave_one_bin_local_calibration,A0_lr_baseline,lr_fixed_guard,lr,48,heldout_47_51,selected_source_rich_top64,kcenter,32,0.01,1.0pct,0.9826834165834166,0.9750582019196735,0.9841615670761399,0.97002997002997,0.97002997002997,0.0045,True,-4.118561382207412,1001,10000,64,0.5212921000202186,0.022817199991550297,65,0,True,False
locked,locked_harder_holdout,holdout_bin_6,issue23_locked_leave_one_bin_local_calibration,A1_low_fpr_weighted_lr,lr_tail_q0.975_w8.0_a1.0,lr,48,heldout_47_51,selected_source_rich_top64,kcenter,32,0.01,1.0pct,0.9828490509490508,0.9751468283753705,0.9841113660209138,0.97002997002997,0.97002997002997,0.004,True,-4.115765722165853,1001,10000,64,1.1165676000237,0.02756680001039058,65,50,True,False
locked,locked_harder_holdout,holdout_bin_6,issue23_locked_leave_one_bin_local_calibration,A2_linear_svm_margin,sgd_hinge_alpha0.0001_a1.0,linear_svm,48,heldout_47_51,selected_source_rich_top64,kcenter,32,0.01,1.0pct,0.9799811188811187,0.931852154623827,0.8611087405057254,0.9150849150849151,0.8831168831168831,0.0074,True,-286.2821242962477,1001,10000,64,0.09344930000952445,0.023910600022645667,65,0,True,False
locked,locked_harder_holdout,holdout_bin_6,issue23_locked_leave_one_bin_local_calibration,A0_lr_baseline,lr_fixed_guard,lr,49,heldout_47_51,selected_source_rich_top64,kcenter,32,0.01,1.0pct,0.9826834165834166,0.9750582019196735,0.9841615670761399,0.97002997002997,0.97002997002997,0.0045,True,-4.118561382207412,1001,10000,64,0.5090010000276379,0.018649300007382408,65,0,True,False
locked,locked_harder_holdout,holdout_bin_6,issue23_locked_leave_one_bin_local_calibration,A1_low_fpr_weighted_lr,lr_tail_q0.975_w8.0_a1.0,lr,49,heldout_47_51,selected_source_rich_top64,kcenter,32,0.01,1.0pct,0.9828490509490508,0.9751468283753705,0.9841113660209138,0.97002997002997,0.97002997002997,0.004,True,-4.115765722165853,1001,10000,64,0.9785294999892358,0.017654299997957423,65,50,True,False
locked,locked_harder_holdout,holdout_bin_6,issue23_locked_leave_one_bin_local_calibration,A2_linear_svm_margin,sgd_hinge_alpha1e-05_a1.0,linear_svm,49,heldout_47_51,selected_source_rich_top64,kcenter,32,0.01,1.0pct,0.9676678321678321,0.8762003816144383,0.7905109965411473,0.7992007992007992,0.8181818181818182,0.0118,False,113.92063368026899,1001,10000,64,0.05180250000557862,0.016818099975353107,65,0,True,False
locked,locked_harder_holdout,holdout_bin_6,issue23_locked_leave_one_bin_local_calibration,A0_lr_baseline,lr_fixed_guard,lr,50,heldout_47_51,selected_source_rich_top64,kcenter,32,0.01,1.0pct,0.9826834165834166,0.9750582019196735,0.9841615670761399,0.97002997002997,0.97002997002997,0.0045,True,-4.118561382207412,1001,10000,64,0.5058802999847103,0.015954899979988113,65,0,True,False
locked,locked_harder_holdout,holdout_bin_6,issue23_locked_leave_one_bin_local_calibration,A1_low_fpr_weighted_lr,lr_tail_q0.95_w4.0_a1.0,lr,50,heldout_47_51,selected_source_rich_top64,kcenter,32,0.01,1.0pct,0.9828815184815185,0.975164002229791,0.9841013258098685,0.97002997002997,0.97002997002997,0.0044,True,-4.118493743169519,1001,10000,64,0.9947409000014886,0.017584699991857633,65,100,True,False
locked,locked_harder_holdout,holdout_bin_6,issue23_locked_leave_one_bin_local_calibration,A2_linear_svm_margin,sgd_hinge_alpha0.0001_a1.0,linear_svm,50,heldout_47_51,selected_source_rich_top64,kcenter,32,0.01,1.0pct,0.9811711288711288,0.9114817754292065,0.7985130447442006,0.8541458541458542,0.8791208791208791,0.0144,False,-426.58456320416735,1001,10000,64,0.07503629999700934,0.01623529999051243,65,0,True,False
locked,locked_harder_holdout,holdout_bin_6,issue23_locked_leave_one_bin_local_calibration,A0_lr_baseline,lr_fixed_guard,lr,51,heldout_47_51,selected_source_rich_top64,kcenter,32,0.01,1.0pct,0.9826834165834166,0.9750582019196735,0.9841615670761399,0.97002997002997,0.97002997002997,0.0045,True,-4.118561382207412,1001,10000,64,0.5279817999980878,0.030385100020794198,65,0,True,False
locked,locked_harder_holdout,holdout_bin_6,issue23_locked_leave_one_bin_local_calibration,A1_low_fpr_weighted_lr,lr_tail_q0.975_w8.0_a1.0,lr,51,heldout_47_51,selected_source_rich_top64,kcenter,32,0.01,1.0pct,0.9828490509490508,0.9751468283753705,0.9841113660209138,0.97002997002997,0.97002997002997,0.004,True,-4.115765722165853,1001,10000,64,1.0458612999937031,0.022957800014410168,65,50,True,False
locked,locked_harder_holdout,holdout_bin_6,issue23_locked_leave_one_bin_local_calibration,A2_linear_svm_margin,sgd_hinge_alpha0.0001_a2.0,linear_svm,51,heldout_47_51,selected_source_rich_top64,kcenter,32,0.01,1.0pct,0.9903024975024974,0.9693057003787439,0.9260990266015392,0.9430569430569431,0.916083916083916,0.006,True,-61.27749379388355,1001,10000,64,0.06304810001165606,0.014648500015027821,65,0,True,False
locked,locked_harder_holdout,holdout_bin_7,issue23_locked_leave_one_bin_local_calibration,A0_lr_baseline,lr_fixed_guard,lr,42,main_42_46,selected_source_rich_top64,kcenter,32,0.01,1.0pct,0.9819418054338301,0.9804776193977849,0.9873292844591053,0.9780893952673094,0.9780893952673094,0.0041,True,-4.067457114802276,1141,10000,64,0.5158123000001069,0.015209500008495525,65,0,True,False
locked,locked_harder_holdout,holdout_bin_7,issue23_locked_leave_one_bin_local_calibration,A1_low_fpr_weighted_lr,lr_tail_q0.975_w8.0_a1.0,lr,42,main_42_46,selected_source_rich_top64,kcenter,32,0.01,1.0pct,0.9823863277826468,0.9805390453039584,0.9872015643511158,0.9780893952673094,0.9780893952673094,0.0036,True,-4.0429225793898675,1141,10000,64,1.017191199993249,0.025620299973525107,65,50,True,False
locked,locked_harder_holdout,holdout_bin_7,issue23_locked_leave_one_bin_local_calibration,A2_linear_svm_margin,sgd_hinge_alpha1e-05_a1.0,linear_svm,42,main_42_46,selected_source_rich_top64,kcenter,32,0.01,1.0pct,0.9422460999123576,0.8125499148250205,0.7122157677079526,0.6187554776511832,0.7055214723926381,0.0145,False,-3841.6572447287776,1141,10000,64,0.0604616999917198,0.014545999991241843,65,0,True,False
locked,locked_harder_holdout,holdout_bin_7,issue23_locked_leave_one_bin_local_calibration,A0_lr_baseline,lr_fixed_guard,lr,43,main_42_46,selected_source_rich_top64,kcenter,32,0.01,1.0pct,0.9819418054338301,0.9804776193977849,0.9873292844591053,0.9780893952673094,0.9780893952673094,0.0041,True,-4.067457114802276,1141,10000,64,0.5037442999891937,0.018375999992713332,65,0,True,False
locked,locked_harder_holdout,holdout_bin_7,issue23_locked_leave_one_bin_local_calibration,A1_low_fpr_weighted_lr,lr_tail_q0.95_w4.0_a1.0,lr,43,main_42_46,selected_source_rich_top64,kcenter,32,0.01,1.0pct,0.9822538124452235,0.9805255335430093,0.9872632223342831,0.9780893952673094,0.9780893952673094,0.0036,True,-4.056565737391442,1141,10000,64,1.0395507999928668,0.018048600002657622,65,100,True,False
locked,locked_harder_holdout,holdout_bin_7,issue23_locked_leave_one_bin_local_calibration,A2_linear_svm_margin,sgd_hinge_alpha0.0001_a2.0,linear_svm,43,main_42_46,selected_source_rich_top64,kcenter,32,0.01,1.0pct,0.9833348816827343,0.9685397501626521,0.9448469340567871,0.9675723049956179,0.9561787905346187,0.0046,True,28.44714295844942,1141,10000,64,0.06706110000959598,0.0153584000072442,65,0,True,False
locked,locked_harder_holdout,holdout_bin_7,issue23_locked_leave_one_bin_local_calibration,A0_lr_baseline,lr_fixed_guard,lr,44,main_42_46,selected_source_rich_top64,kcenter,32,0.01,1.0pct,0.9819418054338301,0.9804776193977849,0.9873292844591053,0.9780893952673094,0.9780893952673094,0.0041,True,-4.067457114802276,1141,10000,64,0.5465944999887142,0.020356099994387478,65,0,True,False
locked,locked_harder_holdout,holdout_bin_7,issue23_locked_leave_one_bin_local_calibration,A1_low_fpr_weighted_lr,lr_tail_q0.975_w8.0_a1.0,lr,44,main_42_46,selected_source_rich_top64,kcenter,32,0.01,1.0pct,0.9823863277826468,0.9805390453039584,0.9872015643511158,0.9780893952673094,0.9780893952673094,0.0036,True,-4.0429225793898675,1141,10000,64,1.0152626000053715,0.016935199993895367,65,50,True,False
locked,locked_harder_holdout,holdout_bin_7,issue23_locked_leave_one_bin_local_calibration,A2_linear_svm_margin,sgd_hinge_alpha1e-05_a1.0,linear_svm,44,main_42_46,selected_source_rich_top64,kcenter,32,0.01,1.0pct,0.877836722173532,0.7174270654343409,0.7071554089465734,0.5942156003505696,0.6170026292725679,0.0139,False,-2871.6628269294615,1141,10000,64,0.04888429999118671,0.017620300000999123,65,0,True,False
locked,locked_harder_holdout,holdout_bin_7,issue23_locked_leave_one_bin_local_calibration,A0_lr_baseline,lr_fixed_guard,lr,45,main_42_46,selected_source_rich_top64,kcenter,32,0.01,1.0pct,0.9819418054338301,0.9804776193977849,0.9873292844591053,0.9780893952673094,0.9780893952673094,0.0041,True,-4.067457114802276,1141,10000,64,0.5123053999850526,0.018853999994462356,65,0,True,False
locked,locked_harder_holdout,holdout_bin_7,issue23_locked_leave_one_bin_local_calibration,A1_low_fpr_weighted_lr,lr_tail_q0.95_w4.0_a1.0,lr,45,main_42_46,selected_source_rich_top64,kcenter,32,0.01,1.0pct,0.9822538124452235,0.9805255335430093,0.9872632223342831,0.9780893952673094,0.9780893952673094,0.0036,True,-4.056565737391442,1141,10000,64,1.0800116000173148,0.02443310001399368,65,100,True,False
locked,locked_harder_holdout,holdout_bin_7,issue23_locked_leave_one_bin_local_calibration,A2_linear_svm_margin,sgd_hinge_alpha1e-05_a1.0,linear_svm,45,main_42_46,selected_source_rich_top64,kcenter,32,0.01,1.0pct,0.9322789658194567,0.7558094600001348,0.6831087955112988,0.5793163891323401,0.5118317265556529,0.0064,True,-2398.444097142316,1141,10000,64,0.0655687999969814,0.021646600012900308,65,0,True,False
locked,locked_harder_holdout,holdout_bin_7,issue23_locked_leave_one_bin_local_calibration,A0_lr_baseline,lr_fixed_guard,lr,46,main_42_46,selected_source_rich_top64,kcenter,32,0.01,1.0pct,0.9819418054338301,0.9804776193977849,0.9873292844591053,0.9780893952673094,0.9780893952673094,0.0041,True,-4.067457114802276,1141,10000,64,0.5258627999864984,0.015540099993813783,65,0,True,False
locked,locked_harder_holdout,holdout_bin_7,issue23_locked_leave_one_bin_local_calibration,A1_low_fpr_weighted_lr,lr_tail_q0.975_w8.0_a1.0,lr,46,main_42_46,selected_source_rich_top64,kcenter,32,0.01,1.0pct,0.9823863277826468,0.9805390453039584,0.9872015643511158,0.9780893952673094,0.9780893952673094,0.0036,True,-4.0429225793898675,1141,10000,64,0.9768117000057828,0.01856620001490228,65,50,True,False
locked,locked_harder_holdout,holdout_bin_7,issue23_locked_leave_one_bin_local_calibration,A2_linear_svm_margin,sgd_hinge_alpha1e-05_a1.0,linear_svm,46,main_42_46,selected_source_rich_top64,kcenter,32,0.01,1.0pct,0.9884391761612622,0.9533717010446158,0.8796700417072214,0.9246275197195443,0.8317265556529361,0.0044,True,-2740.119654956068,1141,10000,64,0.04396030001225881,0.01911279998603277,65,0,True,False
locked,locked_harder_holdout,holdout_bin_7,issue23_locked_leave_one_bin_local_calibration,A0_lr_baseline,lr_fixed_guard,lr,47,heldout_47_51,selected_source_rich_top64,kcenter,32,0.01,1.0pct,0.9819418054338301,0.9804776193977849,0.9873292844591053,0.9780893952673094,0.9780893952673094,0.0041,True,-4.067457114802276,1141,10000,64,0.5551240999775473,0.020331200008513406,65,0,True,False
locked,locked_harder_holdout,holdout_bin_7,issue23_locked_leave_one_bin_local_calibration,A1_low_fpr_weighted_lr,lr_tail_q0.975_w8.0_a1.0,lr,47,heldout_47_51,selected_source_rich_top64,kcenter,32,0.01,1.0pct,0.9823863277826468,0.9805390453039584,0.9872015643511158,0.9780893952673094,0.9780893952673094,0.0036,True,-4.0429225793898675,1141,10000,64,1.0724243000149727,0.01876289999927394,65,50,True,False
locked,locked_harder_holdout,holdout_bin_7,issue23_locked_leave_one_bin_local_calibration,A2_linear_svm_margin,sgd_hinge_alpha1e-05_a1.0,linear_svm,47,heldout_47_51,selected_source_rich_top64,kcenter,32,0.01,1.0pct,0.9807710780017528,0.9118642097627839,0.781660273321031,0.7519719544259421,0.8369851007887817,0.0157,False,-3459.328145419532,1141,10000,64,0.0510634999955073,0.013673100009327754,65,0,True,False
locked,locked_harder_holdout,holdout_bin_7,issue23_locked_leave_one_bin_local_calibration,A0_lr_baseline,lr_fixed_guard,lr,48,heldout_47_51,selected_source_rich_top64,kcenter,32,0.01,1.0pct,0.9819418054338301,0.9804776193977849,0.9873292844591053,0.9780893952673094,0.9780893952673094,0.0041,True,-4.067457114802276,1141,10000,64,0.49630400000023656,0.01768310001352802,65,0,True,False
locked,locked_harder_holdout,holdout_bin_7,issue23_locked_leave_one_bin_local_calibration,A1_low_fpr_weighted_lr,lr_tail_q0.975_w8.0_a1.0,lr,48,heldout_47_51,selected_source_rich_top64,kcenter,32,0.01,1.0pct,0.9823863277826468,0.9805390453039584,0.9872015643511158,0.9780893952673094,0.9780893952673094,0.0036,True,-4.0429225793898675,1141,10000,64,1.0436986999993678,0.019741900003282353,65,50,True,False
locked,locked_harder_holdout,holdout_bin_7,issue23_locked_leave_one_bin_local_calibration,A2_linear_svm_margin,sgd_hinge_alpha1e-05_a1.0,linear_svm,48,heldout_47_51,selected_source_rich_top64,kcenter,32,0.01,1.0pct,0.985414899211218,0.9599820070961491,0.9023910085043976,0.9272567922874672,0.7887817703768624,0.0025,True,-2896.971118688997,1141,10000,64,0.05697379997582175,0.01927419999265112,65,0,True,False
locked,locked_harder_holdout,holdout_bin_7,issue23_locked_leave_one_bin_local_calibration,A0_lr_baseline,lr_fixed_guard,lr,49,heldout_47_51,selected_source_rich_top64,kcenter,32,0.01,1.0pct,0.9819418054338301,0.9804776193977849,0.9873292844591053,0.9780893952673094,0.9780893952673094,0.0041,True,-4.067457114802276,1141,10000,64,0.5259887000138406,0.01782939999247901,65,0,True,False
locked,locked_harder_holdout,holdout_bin_7,issue23_locked_leave_one_bin_local_calibration,A1_low_fpr_weighted_lr,lr_tail_q0.975_w8.0_a1.0,lr,49,heldout_47_51,selected_source_rich_top64,kcenter,32,0.01,1.0pct,0.9823863277826468,0.9805390453039584,0.9872015643511158,0.9780893952673094,0.9780893952673094,0.0036,True,-4.0429225793898675,1141,10000,64,1.0969859999895561,0.01907869998831302,65,50,True,False
locked,locked_harder_holdout,holdout_bin_7,issue23_locked_leave_one_bin_local_calibration,A2_linear_svm_margin,sgd_hinge_alpha0.0001_a1.0,linear_svm,49,heldout_47_51,selected_source_rich_top64,kcenter,32,0.01,1.0pct,0.9723727432077125,0.8497117315864415,0.6870284815840817,0.6091148115687993,0.7624890446976337,0.018,False,-675.3384552043684,1141,10000,64,0.05495090002659708,0.014775600022403523,65,0,True,False
locked,locked_harder_holdout,holdout_bin_7,issue23_locked_leave_one_bin_local_calibration,A0_lr_baseline,lr_fixed_guard,lr,50,heldout_47_51,selected_source_rich_top64,kcenter,32,0.01,1.0pct,0.9819418054338301,0.9804776193977849,0.9873292844591053,0.9780893952673094,0.9780893952673094,0.0041,True,-4.067457114802276,1141,10000,64,0.5353330999787431,0.029148100002203137,65,0,True,False
locked,locked_harder_holdout,holdout_bin_7,issue23_locked_leave_one_bin_local_calibration,A1_low_fpr_weighted_lr,lr_tail_q0.975_w8.0_a1.0,lr,50,heldout_47_51,selected_source_rich_top64,kcenter,32,0.01,1.0pct,0.9823863277826468,0.9805390453039584,0.9872015643511158,0.9780893952673094,0.9780893952673094,0.0036,True,-4.0429225793898675,1141,10000,64,1.0947371999791358,0.019575899990741163,65,50,True,False
locked,locked_harder_holdout,holdout_bin_7,issue23_locked_leave_one_bin_local_calibration,A2_linear_svm_margin,sgd_hinge_alpha1e-05_a1.0,linear_svm,50,heldout_47_51,selected_source_rich_top64,kcenter,32,0.01,1.0pct,0.9605740578439965,0.8764663723932111,0.8282252630373603,0.8054338299737073,0.6652059596844873,0.0033,True,1225.1323486283495,1141,10000,64,0.055186200013849884,0.015844700013985857,65,0,True,False
locked,locked_harder_holdout,holdout_bin_7,issue23_locked_leave_one_bin_local_calibration,A0_lr_baseline,lr_fixed_guard,lr,51,heldout_47_51,selected_source_rich_top64,kcenter,32,0.01,1.0pct,0.9819418054338301,0.9804776193977849,0.9873292844591053,0.9780893952673094,0.9780893952673094,0.0041,True,-4.067457114802276,1141,10000,64,0.5367416000226513,0.0218122000223957,65,0,True,False
locked,locked_harder_holdout,holdout_bin_7,issue23_locked_leave_one_bin_local_calibration,A1_low_fpr_weighted_lr,lr_tail_q0.95_w4.0_a1.0,lr,51,heldout_47_51,selected_source_rich_top64,kcenter,32,0.01,1.0pct,0.9822538124452235,0.9805255335430093,0.9872632223342831,0.9780893952673094,0.9780893952673094,0.0036,True,-4.056565737391442,1141,10000,64,0.9942080000182614,0.028870900016045198,65,100,True,False
locked,locked_harder_holdout,holdout_bin_7,issue23_locked_leave_one_bin_local_calibration,A2_linear_svm_margin,sgd_hinge_alpha1e-05_a1.0,linear_svm,51,heldout_47_51,selected_source_rich_top64,kcenter,32,0.01,1.0pct,0.9594214723926381,0.8645751886802479,0.7876014604133728,0.7370727432077125,0.6134969325153374,0.0035,True,789.7826401324336,1141,10000,64,0.052445100009208545,0.016997800004901364,65,0,True,False
locked,locked_harder_holdout,holdout_bin_8,issue23_locked_leave_one_bin_local_calibration,A0_lr_baseline,lr_fixed_guard,lr,42,main_42_46,selected_source_rich_top64,kcenter,32,0.01,1.0pct,0.964706103286385,0.910811477970229,0.9369853964658975,0.8896713615023474,0.8826291079812206,0.0042,True,-4.423520833673828,426,10000,64,0.5320198000117671,0.03418970000348054,65,0,True,False
locked,locked_harder_holdout,holdout_bin_8,issue23_locked_leave_one_bin_local_calibration,A1_low_fpr_weighted_lr,lr_tail_q0.975_w4.0_a1.0,lr,42,main_42_46,selected_source_rich_top64,kcenter,32,0.01,1.0pct,0.9654955399061034,0.912218754175486,0.9371741335786916,0.8896713615023474,0.8826291079812206,0.0037,True,-4.432834494232043,426,10000,64,0.959513199981302,0.018614600005093962,65,50,True,False
locked,locked_harder_holdout,holdout_bin_8,issue23_locked_leave_one_bin_local_calibration,A2_linear_svm_margin,sgd_hinge_alpha0.0001_a1.0,linear_svm,42,main_42_46,selected_source_rich_top64,kcenter,32,0.01,1.0pct,0.9136530516431924,0.718721998812189,0.8041498572675585,0.8028169014084507,0.7723004694835681,0.004,True,-617.6896208191429,426,10000,64,0.10841039998922497,0.018762099993182346,65,0,True,False
locked,locked_harder_holdout,holdout_bin_8,issue23_locked_leave_one_bin_local_calibration,A0_lr_baseline,lr_fixed_guard,lr,43,main_42_46,selected_source_rich_top64,kcenter,32,0.01,1.0pct,0.964706103286385,0.910811477970229,0.9369853964658975,0.8896713615023474,0.8826291079812206,0.0042,True,-4.423520833673828,426,10000,64,0.4930356999975629,0.017583400011062622,65,0,True,False
locked,locked_harder_holdout,holdout_bin_8,issue23_locked_leave_one_bin_local_calibration,A1_low_fpr_weighted_lr,lr_tail_q0.975_w8.0_a1.0,lr,43,main_42_46,selected_source_rich_top64,kcenter,32,0.01,1.0pct,0.9661298122065729,0.9135413966473961,0.9373274824828368,0.8896713615023474,0.8826291079812206,0.0034,True,-4.437503800714081,426,10000,64,1.010179800010519,0.02160460001323372,65,50,True,False
locked,locked_harder_holdout,holdout_bin_8,issue23_locked_leave_one_bin_local_calibration,A2_linear_svm_margin,sgd_hinge_alpha0.0001_a1.0,linear_svm,43,main_42_46,selected_source_rich_top64,kcenter,32,0.01,1.0pct,0.9151863849765259,0.6301751620754271,0.6901526411399721,0.7746478873239436,0.5023474178403756,0.0059,True,-649.2781525181151,426,10000,64,0.06488670001272112,0.019538299995474517,65,0,True,False
locked,locked_harder_holdout,holdout_bin_8,issue23_locked_leave_one_bin_local_calibration,A0_lr_baseline,lr_fixed_guard,lr,44,main_42_46,selected_source_rich_top64,kcenter,32,0.01,1.0pct,0.964706103286385,0.910811477970229,0.9369853964658975,0.8896713615023474,0.8826291079812206,0.0042,True,-4.423520833673828,426,10000,64,0.5023117999953683,0.017172399995615706,65,0,True,False
locked,locked_harder_holdout,holdout_bin_8,issue23_locked_leave_one_bin_local_calibration,A1_low_fpr_weighted_lr,lr_tail_q0.975_w8.0_a1.0,lr,44,main_42_46,selected_source_rich_top64,kcenter,32,0.01,1.0pct,0.9661298122065729,0.9135413966473961,0.9373274824828368,0.8896713615023474,0.8826291079812206,0.0034,True,-4.437503800714081,426,10000,64,1.0081576999800745,0.016321800008881837,65,50,True,False
locked,locked_harder_holdout,holdout_bin_8,issue23_locked_leave_one_bin_local_calibration,A2_linear_svm_margin,sgd_hinge_alpha1e-05_a1.0,linear_svm,44,main_42_46,selected_source_rich_top64,kcenter,32,0.01,1.0pct,0.9334246478873239,0.5864985697976799,0.6113077122702716,0.5093896713615024,0.18309859154929578,0.0049,True,-225.881484295083,426,10000,64,0.04300260002491996,0.013552799995522946,65,0,True,False
locked,locked_harder_holdout,holdout_bin_8,issue23_locked_leave_one_bin_local_calibration,A0_lr_baseline,lr_fixed_guard,lr,45,main_42_46,selected_source_rich_top64,kcenter,32,0.01,1.0pct,0.964706103286385,0.910811477970229,0.9369853964658975,0.8896713615023474,0.8826291079812206,0.0042,True,-4.423520833673828,426,10000,64,0.5778885000036098,0.01746199998888187,65,0,True,False
locked,locked_harder_holdout,holdout_bin_8,issue23_locked_leave_one_bin_local_calibration,A1_low_fpr_weighted_lr,lr_tail_q0.975_w8.0_a1.0,lr,45,main_42_46,selected_source_rich_top64,kcenter,32,0.01,1.0pct,0.9661298122065729,0.9135413966473961,0.9373274824828368,0.8896713615023474,0.8826291079812206,0.0034,True,-4.437503800714081,426,10000,64,0.9643652999948245,0.017496899992693216,65,50,True,False
locked,locked_harder_holdout,holdout_bin_8,issue23_locked_leave_one_bin_local_calibration,A2_linear_svm_margin,sgd_hinge_alpha0.0001_a2.0,linear_svm,45,main_42_46,selected_source_rich_top64,kcenter,32,0.01,1.0pct,0.8921406103286386,0.5942100050914896,0.6767287139924977,0.6971830985915493,0.1431924882629108,0.003,True,-243.24634468350752,426,10000,64,0.08999790000962093,0.014608799974666908,65,0,True,False
locked,locked_harder_holdout,holdout_bin_8,issue23_locked_leave_one_bin_local_calibration,A0_lr_baseline,lr_fixed_guard,lr,46,main_42_46,selected_source_rich_top64,kcenter,32,0.01,1.0pct,0.964706103286385,0.910811477970229,0.9369853964658975,0.8896713615023474,0.8826291079812206,0.0042,True,-4.423520833673828,426,10000,64,0.4612918999919202,0.017925199994351715,65,0,True,False
locked,locked_harder_holdout,holdout_bin_8,issue23_locked_leave_one_bin_local_calibration,A1_low_fpr_weighted_lr,lr_tail_q0.975_w8.0_a1.0,lr,46,main_42_46,selected_source_rich_top64,kcenter,32,0.01,1.0pct,0.9661298122065729,0.9135413966473961,0.9373274824828368,0.8896713615023474,0.8826291079812206,0.0034,True,-4.437503800714081,426,10000,64,1.0273545999953058,0.019307300011860207,65,50,True,False
locked,locked_harder_holdout,holdout_bin_8,issue23_locked_leave_one_bin_local_calibration,A2_linear_svm_margin,sgd_hinge_alpha1e-05_a1.0,linear_svm,46,main_42_46,selected_source_rich_top64,kcenter,32,0.01,1.0pct,0.9067387323943662,0.6882539852044091,0.7762993370608913,0.7934272300469484,0.5892018779342723,0.0036,True,-4792.440459969341,426,10000,64,0.10286519999499433,0.01841779999085702,65,0,True,False
locked,locked_harder_holdout,holdout_bin_8,issue23_locked_leave_one_bin_local_calibration,A0_lr_baseline,lr_fixed_guard,lr,47,heldout_47_51,selected_source_rich_top64,kcenter,32,0.01,1.0pct,0.964706103286385,0.910811477970229,0.9369853964658975,0.8896713615023474,0.8826291079812206,0.0042,True,-4.423520833673828,426,10000,64,0.4814777999999933,0.024873599992133677,65,0,True,False
locked,locked_harder_holdout,holdout_bin_8,issue23_locked_leave_one_bin_local_calibration,A1_low_fpr_weighted_lr,lr_tail_q0.975_w4.0_a1.0,lr,47,heldout_47_51,selected_source_rich_top64,kcenter,32,0.01,1.0pct,0.9654955399061034,0.912218754175486,0.9371741335786916,0.8896713615023474,0.8826291079812206,0.0037,True,-4.432834494232043,426,10000,64,1.0121581999992486,0.015708999999333173,65,50,True,False
locked,locked_harder_holdout,holdout_bin_8,issue23_locked_leave_one_bin_local_calibration,A2_linear_svm_margin,sgd_hinge_alpha1e-05_a1.0,linear_svm,47,heldout_47_51,selected_source_rich_top64,kcenter,32,0.01,1.0pct,0.8984734741784037,0.663880667385865,0.7481303229763843,0.7488262910798122,0.34976525821596244,0.0029,True,-3582.7679104617387,426,10000,64,0.07288429999607615,0.01485169999068603,65,0,True,False
locked,locked_harder_holdout,holdout_bin_8,issue23_locked_leave_one_bin_local_calibration,A0_lr_baseline,lr_fixed_guard,lr,48,heldout_47_51,selected_source_rich_top64,kcenter,32,0.01,1.0pct,0.964706103286385,0.910811477970229,0.9369853964658975,0.8896713615023474,0.8826291079812206,0.0042,True,-4.423520833673828,426,10000,64,0.5001702000154182,0.02034970000386238,65,0,True,False
locked,locked_harder_holdout,holdout_bin_8,issue23_locked_leave_one_bin_local_calibration,A1_low_fpr_weighted_lr,lr_tail_q0.975_w8.0_a1.0,lr,48,heldout_47_51,selected_source_rich_top64,kcenter,32,0.01,1.0pct,0.9661298122065729,0.9135413966473961,0.9373274824828368,0.8896713615023474,0.8826291079812206,0.0034,True,-4.437503800714081,426,10000,64,1.0496630000125151,0.017787199991289526,65,50,True,False
locked,locked_harder_holdout,holdout_bin_8,issue23_locked_leave_one_bin_local_calibration,A2_linear_svm_margin,sgd_hinge_alpha0.0001_a2.0,linear_svm,48,heldout_47_51,selected_source_rich_top64,kcenter,32,0.01,1.0pct,0.9561255868544599,0.6793422581618949,0.7331611107179088,0.7769953051643192,0.05868544600938967,0.0019,True,1266.5251388890435,426,10000,64,0.04028330001165159,0.013723599986406043,65,0,True,False
locked,locked_harder_holdout,holdout_bin_8,issue23_locked_leave_one_bin_local_calibration,A0_lr_baseline,lr_fixed_guard,lr,49,heldout_47_51,selected_source_rich_top64,kcenter,32,0.01,1.0pct,0.964706103286385,0.910811477970229,0.9369853964658975,0.8896713615023474,0.8826291079812206,0.0042,True,-4.423520833673828,426,10000,64,0.4692505999992136,0.019615299999713898,65,0,True,False
locked,locked_harder_holdout,holdout_bin_8,issue23_locked_leave_one_bin_local_calibration,A1_low_fpr_weighted_lr,lr_tail_q0.95_w4.0_a1.0,lr,49,heldout_47_51,selected_source_rich_top64,kcenter,32,0.01,1.0pct,0.9661356807511738,0.9132490307324506,0.9373392785523864,0.8896713615023474,0.8826291079812206,0.0036,True,-4.429273276281074,426,10000,64,1.0163463999924716,0.020350600010715425,65,100,True,False
locked,locked_harder_holdout,holdout_bin_8,issue23_locked_leave_one_bin_local_calibration,A2_linear_svm_margin,sgd_hinge_alpha1e-05_a1.0,linear_svm,49,heldout_47_51,selected_source_rich_top64,kcenter,32,0.01,1.0pct,0.9295025821596243,0.7360537771589264,0.8063439262037889,0.8051643192488263,0.7723004694835681,0.0045,True,-3241.952297228225,426,10000,64,0.08085979998577386,0.014037099987035617,65,0,True,False
locked,locked_harder_holdout,holdout_bin_8,issue23_locked_leave_one_bin_local_calibration,A0_lr_baseline,lr_fixed_guard,lr,50,heldout_47_51,selected_source_rich_top64,kcenter,32,0.01,1.0pct,0.964706103286385,0.910811477970229,0.9369853964658975,0.8896713615023474,0.8826291079812206,0.0042,True,-4.423520833673828,426,10000,64,0.5205303000111599,0.01978059997782111,65,0,True,False
locked,locked_harder_holdout,holdout_bin_8,issue23_locked_leave_one_bin_local_calibration,A1_low_fpr_weighted_lr,lr_tail_q0.975_w4.0_a1.0,lr,50,heldout_47_51,selected_source_rich_top64,kcenter,32,0.01,1.0pct,0.9654955399061034,0.912218754175486,0.9371741335786916,0.8896713615023474,0.8826291079812206,0.0037,True,-4.432834494232043,426,10000,64,1.018274999980349,0.017895099997986108,65,50,True,False
locked,locked_harder_holdout,holdout_bin_8,issue23_locked_leave_one_bin_local_calibration,A2_linear_svm_margin,sgd_hinge_alpha1e-05_a1.0,linear_svm,50,heldout_47_51,selected_source_rich_top64,kcenter,32,0.01,1.0pct,0.9150077464788732,0.48981893685510314,0.602932502890037,0.37089201877934275,0.3873239436619718,0.0105,False,-2222.1406652114256,426,10000,64,0.07017789999372326,0.012708900001598522,65,0,True,False
locked,locked_harder_holdout,holdout_bin_8,issue23_locked_leave_one_bin_local_calibration,A0_lr_baseline,lr_fixed_guard,lr,51,heldout_47_51,selected_source_rich_top64,kcenter,32,0.01,1.0pct,0.964706103286385,0.910811477970229,0.9369853964658975,0.8896713615023474,0.8826291079812206,0.0042,True,-4.423520833673828,426,10000,64,0.48061759999836795,0.014096799975959584,65,0,True,False
locked,locked_harder_holdout,holdout_bin_8,issue23_locked_leave_one_bin_local_calibration,A1_low_fpr_weighted_lr,lr_tail_q0.975_w8.0_a1.0,lr,51,heldout_47_51,selected_source_rich_top64,kcenter,32,0.01,1.0pct,0.9661298122065729,0.9135413966473961,0.9373274824828368,0.8896713615023474,0.8826291079812206,0.0034,True,-4.437503800714081,426,10000,64,0.8748823000059929,0.015229099983116612,65,50,True,False
locked,locked_harder_holdout,holdout_bin_8,issue23_locked_leave_one_bin_local_calibration,A2_linear_svm_margin,sgd_hinge_alpha1e-05_a1.0,linear_svm,51,heldout_47_51,selected_source_rich_top64,kcenter,32,0.01,1.0pct,0.8921046948356807,0.4038924762082447,0.5503220326987048,0.25586854460093894,0.2112676056338028,0.0091,True,-3942.970066814076,426,10000,64,0.06010589998913929,0.015244499983964488,65,0,True,False
consistency,primary_lowood,primary_lowood,current_lowood_same_protocol,A0_lr_baseline,lr_fixed_guard,lr,42,main_42_46,selected_source_rich_top64,kcenter,32,0.01,1.0pct,0.9825818909090909,0.9706019839871668,0.967027866605756,0.9512727272727273,0.9476363636363636,0.0037,True,-4.41641482616712,1375,10000,64,0.5302817999909166,0.02381840001908131,65,0,True,False
consistency,primary_lowood,primary_lowood,current_lowood_same_protocol,A1_low_fpr_weighted_lr,lr_tail_q0.95_w4.0_a1.0,lr,42,main_42_46,selected_source_rich_top64,kcenter,32,0.01,1.0pct,0.9833687999999999,0.9721154327207956,0.9675760621288261,0.9527272727272728,0.9476363636363636,0.0038,True,-4.419406250162116,1375,10000,64,1.0657366999948863,0.022045199992135167,65,100,True,False
consistency,primary_lowood,primary_lowood,current_lowood_same_protocol,A2_linear_svm_margin,sgd_hinge_alpha0.0001_a2.0,linear_svm,42,main_42_46,selected_source_rich_top64,kcenter,32,0.01,1.0pct,0.9512016363636364,0.8479778857441967,0.7235267245317497,0.6378181818181818,0.6247272727272727,0.0094,True,-416.1075865515668,1375,10000,64,0.06849350000265986,0.018104099988704547,65,0,True,False
consistency,primary_lowood,primary_lowood,current_lowood_same_protocol,A0_lr_baseline,lr_fixed_guard,lr,43,main_42_46,selected_source_rich_top64,kcenter,32,0.01,1.0pct,0.9825818909090909,0.9706019839871668,0.967027866605756,0.9512727272727273,0.9476363636363636,0.0037,True,-4.41641482616712,1375,10000,64,0.5300121000036597,0.020472000003792346,65,0,True,False
consistency,primary_lowood,primary_lowood,current_lowood_same_protocol,A1_low_fpr_weighted_lr,lr_tail_q0.95_w4.0_a1.0,lr,43,main_42_46,selected_source_rich_top64,kcenter,32,0.01,1.0pct,0.9833687999999999,0.9721154327207956,0.9675760621288261,0.9527272727272728,0.9476363636363636,0.0038,True,-4.419406250162116,1375,10000,64,1.016091299999971,0.024227900023106486,65,100,True,False
consistency,primary_lowood,primary_lowood,current_lowood_same_protocol,A2_linear_svm_margin,sgd_hinge_alpha0.0001_a1.0,linear_svm,43,main_42_46,selected_source_rich_top64,kcenter,32,0.01,1.0pct,0.9623951272727272,0.925940277452713,0.8818236637734125,0.9032727272727272,0.8952727272727272,0.0081,True,-253.80567758926415,1375,10000,64,0.056473400007234886,0.014631199999712408,65,0,True,False
consistency,primary_lowood,primary_lowood,current_lowood_same_protocol,A0_lr_baseline,lr_fixed_guard,lr,44,main_42_46,selected_source_rich_top64,kcenter,32,0.01,1.0pct,0.9825818909090909,0.9706019839871668,0.967027866605756,0.9512727272727273,0.9476363636363636,0.0037,True,-4.41641482616712,1375,10000,64,0.49578609998570755,0.026853399991523474,65,0,True,False
consistency,primary_lowood,primary_lowood,current_lowood_same_protocol,A1_low_fpr_weighted_lr,lr_tail_q0.975_w8.0_a1.0,lr,44,main_42_46,selected_source_rich_top64,kcenter,32,0.01,1.0pct,0.9835685818181817,0.9724479508646702,0.9676601187756966,0.9527272727272728,0.9476363636363636,0.0038,True,-4.421303246511842,1375,10000,64,1.0560604000056628,0.023638500017113984,65,50,True,False
consistency,primary_lowood,primary_lowood,current_lowood_same_protocol,A2_linear_svm_margin,sgd_hinge_alpha1e-05_a1.0,linear_svm,44,main_42_46,selected_source_rich_top64,kcenter,32,0.01,1.0pct,0.9664855272727273,0.9263068749045175,0.8641534947464595,0.896,0.9098181818181819,0.0139,False,-3458.2565538204444,1375,10000,64,0.05171070000506006,0.017651000001933426,65,0,True,False
consistency,primary_lowood,primary_lowood,current_lowood_same_protocol,A0_lr_baseline,lr_fixed_guard,lr,45,main_42_46,selected_source_rich_top64,kcenter,32,0.01,1.0pct,0.9825818909090909,0.9706019839871668,0.967027866605756,0.9512727272727273,0.9476363636363636,0.0037,True,-4.41641482616712,1375,10000,64,0.5877313000091817,0.023169000021880493,65,0,True,False
consistency,primary_lowood,primary_lowood,current_lowood_same_protocol,A1_low_fpr_weighted_lr,lr_tail_q0.975_w8.0_a1.0,lr,45,main_42_46,selected_source_rich_top64,kcenter,32,0.01,1.0pct,0.9835685818181817,0.9724479508646702,0.9676601187756966,0.9527272727272728,0.9476363636363636,0.0038,True,-4.421303246511842,1375,10000,64,1.1175004999968223,0.018249999993713573,65,50,True,False
consistency,primary_lowood,primary_lowood,current_lowood_same_protocol,A2_linear_svm_margin,sgd_hinge_alpha1e-05_a1.0,linear_svm,45,main_42_46,selected_source_rich_top64,kcenter,32,0.01,1.0pct,0.9654505454545455,0.9377036090270261,0.9121827318410232,0.9265454545454546,0.8189090909090909,0.0019,True,-1304.7687888415862,1375,10000,64,0.07843619998311624,0.01943429998937063,65,0,True,False
consistency,primary_lowood,primary_lowood,current_lowood_same_protocol,A0_lr_baseline,lr_fixed_guard,lr,46,main_42_46,selected_source_rich_top64,kcenter,32,0.01,1.0pct,0.9825818909090909,0.9706019839871668,0.967027866605756,0.9512727272727273,0.9476363636363636,0.0037,True,-4.41641482616712,1375,10000,64,0.5490338000236079,0.020862900011707097,65,0,True,False
consistency,primary_lowood,primary_lowood,current_lowood_same_protocol,A1_low_fpr_weighted_lr,lr_tail_q0.95_w4.0_a1.0,lr,46,main_42_46,selected_source_rich_top64,kcenter,32,0.01,1.0pct,0.9833687999999999,0.9721154327207956,0.9675760621288261,0.9527272727272728,0.9476363636363636,0.0038,True,-4.419406250162116,1375,10000,64,1.0568948999862187,0.030903699982445687,65,100,True,False
consistency,primary_lowood,primary_lowood,current_lowood_same_protocol,A2_linear_svm_margin,sgd_hinge_alpha1e-05_a1.0,linear_svm,46,main_42_46,selected_source_rich_top64,kcenter,32,0.01,1.0pct,0.9616496000000001,0.9160324056101918,0.8390607583371403,0.8712727272727273,0.7658181818181818,0.0058,True,-3755.4841908954154,1375,10000,64,0.07547659997362643,0.015761999995447695,65,0,True,False
consistency,primary_lowood,primary_lowood,current_lowood_same_protocol,A0_lr_baseline,lr_fixed_guard,lr,47,heldout_47_51,selected_source_rich_top64,kcenter,32,0.01,1.0pct,0.9825818909090909,0.9706019839871668,0.967027866605756,0.9512727272727273,0.9476363636363636,0.0037,True,-4.41641482616712,1375,10000,64,0.47408159999758936,0.019787099998211488,65,0,True,False
consistency,primary_lowood,primary_lowood,current_lowood_same_protocol,A1_low_fpr_weighted_lr,lr_tail_q0.975_w8.0_a1.0,lr,47,heldout_47_51,selected_source_rich_top64,kcenter,32,0.01,1.0pct,0.9835685818181817,0.9724479508646702,0.9676601187756966,0.9527272727272728,0.9476363636363636,0.0038,True,-4.421303246511842,1375,10000,64,1.0574567000148818,0.021949600020889193,65,50,True,False
consistency,primary_lowood,primary_lowood,current_lowood_same_protocol,A2_linear_svm_margin,sgd_hinge_alpha1e-05_a1.0,linear_svm,47,heldout_47_51,selected_source_rich_top64,kcenter,32,0.01,1.0pct,0.9542455272727273,0.8984251612598682,0.8028396528095021,0.8312727272727273,0.4269090909090909,0.0017,True,-1706.6848592513531,1375,10000,64,0.07872749998932704,0.014941600005840883,65,0,True,False
consistency,primary_lowood,primary_lowood,current_lowood_same_protocol,A0_lr_baseline,lr_fixed_guard,lr,48,heldout_47_51,selected_source_rich_top64,kcenter,32,0.01,1.0pct,0.9825818909090909,0.9706019839871668,0.967027866605756,0.9512727272727273,0.9476363636363636,0.0037,True,-4.41641482616712,1375,10000,64,0.559787200007122,0.023845799994887784,65,0,True,False
consistency,primary_lowood,primary_lowood,current_lowood_same_protocol,A1_low_fpr_weighted_lr,lr_tail_q0.95_w4.0_a1.0,lr,48,heldout_47_51,selected_source_rich_top64,kcenter,32,0.01,1.0pct,0.9833687999999999,0.9721154327207956,0.9675760621288261,0.9527272727272728,0.9476363636363636,0.0038,True,-4.419406250162116,1375,10000,64,0.8585025999927893,0.02015130000654608,65,100,True,False
consistency,primary_lowood,primary_lowood,current_lowood_same_protocol,A2_linear_svm_margin,sgd_hinge_alpha1e-05_a1.0,linear_svm,48,heldout_47_51,selected_source_rich_top64,kcenter,32,0.01,1.0pct,0.9676409454545455,0.9383765387655995,0.9012042028323435,0.9207272727272727,0.76,0.0021,True,-2162.451773309701,1375,10000,64,0.10061689998838119,0.0206385999917984,65,0,True,False
consistency,primary_lowood,primary_lowood,current_lowood_same_protocol,A0_lr_baseline,lr_fixed_guard,lr,49,heldout_47_51,selected_source_rich_top64,kcenter,32,0.01,1.0pct,0.9825818909090909,0.9706019839871668,0.967027866605756,0.9512727272727273,0.9476363636363636,0.0037,True,-4.41641482616712,1375,10000,64,0.5121464999974705,0.028732200007652864,65,0,True,False
consistency,primary_lowood,primary_lowood,current_lowood_same_protocol,A1_low_fpr_weighted_lr,lr_tail_q0.975_w8.0_a1.0,lr,49,heldout_47_51,selected_source_rich_top64,kcenter,32,0.01,1.0pct,0.9835685818181817,0.9724479508646702,0.9676601187756966,0.9527272727272728,0.9476363636363636,0.0038,True,-4.421303246511842,1375,10000,64,1.0324717999901623,0.024226200010161847,65,50,True,False
consistency,primary_lowood,primary_lowood,current_lowood_same_protocol,A2_linear_svm_margin,sgd_hinge_alpha1e-05_a1.0,linear_svm,49,heldout_47_51,selected_source_rich_top64,kcenter,32,0.01,1.0pct,0.9610965818181819,0.9320155163258762,0.9053960712654181,0.9069090909090909,0.8116363636363636,0.0024,True,-2925.880802471374,1375,10000,64,0.05760670002200641,0.023960799997439608,65,0,True,False
consistency,primary_lowood,primary_lowood,current_lowood_same_protocol,A0_lr_baseline,lr_fixed_guard,lr,50,heldout_47_51,selected_source_rich_top64,kcenter,32,0.01,1.0pct,0.9825818909090909,0.9706019839871668,0.967027866605756,0.9512727272727273,0.9476363636363636,0.0037,True,-4.41641482616712,1375,10000,64,0.4610464999859687,0.02028890000656247,65,0,True,False
consistency,primary_lowood,primary_lowood,current_lowood_same_protocol,A1_low_fpr_weighted_lr,lr_tail_q0.95_w4.0_a1.0,lr,50,heldout_47_51,selected_source_rich_top64,kcenter,32,0.01,1.0pct,0.9833687999999999,0.9721154327207956,0.9675760621288261,0.9527272727272728,0.9476363636363636,0.0038,True,-4.419406250162116,1375,10000,64,0.9797241000051145,0.01970960001926869,65,100,True,False
consistency,primary_lowood,primary_lowood,current_lowood_same_protocol,A2_linear_svm_margin,sgd_hinge_alpha1e-05_a1.0,linear_svm,50,heldout_47_51,selected_source_rich_top64,kcenter,32,0.01,1.0pct,0.9534308363636362,0.884410822151503,0.7792562814070352,0.8683636363636363,0.8909090909090909,0.0164,False,-1368.6635093735754,1375,10000,64,0.046019600005820394,0.023026699986075982,65,0,True,False
consistency,primary_lowood,primary_lowood,current_lowood_same_protocol,A0_lr_baseline,lr_fixed_guard,lr,51,heldout_47_51,selected_source_rich_top64,kcenter,32,0.01,1.0pct,0.9825818909090909,0.9706019839871668,0.967027866605756,0.9512727272727273,0.9476363636363636,0.0037,True,-4.41641482616712,1375,10000,64,0.5209886999800801,0.024720899993553758,65,0,True,False
consistency,primary_lowood,primary_lowood,current_lowood_same_protocol,A1_low_fpr_weighted_lr,lr_tail_q0.975_w8.0_a1.0,lr,51,heldout_47_51,selected_source_rich_top64,kcenter,32,0.01,1.0pct,0.9835685818181817,0.9724479508646702,0.9676601187756966,0.9527272727272728,0.9476363636363636,0.0038,True,-4.421303246511842,1375,10000,64,0.9858104000159074,0.023588100011693314,65,50,True,False
consistency,primary_lowood,primary_lowood,current_lowood_same_protocol,A2_linear_svm_margin,sgd_hinge_alpha1e-05_a1.0,linear_svm,51,heldout_47_51,selected_source_rich_top64,kcenter,32,0.01,1.0pct,0.9655249454545455,0.9303922463719356,0.8723544997715852,0.8392727272727273,0.7403636363636363,0.003,True,-561.8533492580506,1375,10000,64,0.05593640002189204,0.017842100001871586,65,0,True,False
consistency,harder_holdout,chrono_late_train_early_eval,harder_holdout_local_calibration_issue17_18_19,A0_lr_baseline,lr_fixed_guard,lr,42,main_42_46,selected_source_rich_top64,kcenter,32,0.01,1.0pct,0.9932267950963222,0.9883133894403848,0.9539070131744536,0.9538820782253357,0.9500875656742557,0.0089,True,-2.8655547549506384,3426,10000,64,0.6163616999983788,0.018212499999208376,65,0,True,False
consistency,harder_holdout,chrono_late_train_early_eval,harder_holdout_local_calibration_issue17_18_19,A1_low_fpr_weighted_lr,lr_tail_q0.975_w4.0_a1.0,lr,42,main_42_46,selected_source_rich_top64,kcenter,32,0.01,1.0pct,0.9930113543490952,0.9887770496353653,0.9688166459853265,0.963806187974314,0.9559252772913018,0.0036,True,-2.8656890680214575,3426,10000,64,1.216448199993465,0.018834499991498888,65,50,True,False
consistency,harder_holdout,chrono_late_train_early_eval,harder_holdout_local_calibration_issue17_18_19,A2_linear_svm_margin,sgd_hinge_alpha1e-05_a1.0,linear_svm,42,main_42_46,selected_source_rich_top64,kcenter,32,0.01,1.0pct,0.9438240221833042,0.9338265410069913,0.845821342556331,0.7615294804436661,0.6806771745475774,0.0014,True,-223.91756553437966,3426,10000,64,0.10362069998518564,0.0184634999895934,65,0,True,False
consistency,harder_holdout,chrono_late_train_early_eval,harder_holdout_local_calibration_issue17_18_19,A0_lr_baseline,lr_fixed_guard,lr,43,main_42_46,selected_source_rich_top64,kcenter,32,0.01,1.0pct,0.9932267950963222,0.9883133894403848,0.9539070131744536,0.9538820782253357,0.9500875656742557,0.0089,True,-2.8655547549506384,3426,10000,64,0.5911553999758326,0.022008200001437217,65,0,True,False
consistency,harder_holdout,chrono_late_train_early_eval,harder_holdout_local_calibration_issue17_18_19,A1_low_fpr_weighted_lr,lr_tail_q0.975_w8.0_a1.0,lr,43,main_42_46,selected_source_rich_top64,kcenter,32,0.01,1.0pct,0.9928623175715119,0.9887538220184761,0.9712148013857964,0.967600700525394,0.957968476357268,0.0031,True,-2.861128712893049,3426,10000,64,1.1883115000091493,0.02350700000533834,65,50,True,False
consistency,harder_holdout,chrono_late_train_early_eval,harder_holdout_local_calibration_issue17_18_19,A2_linear_svm_margin,sgd_hinge_alpha0.0001_a1.0,linear_svm,43,main_42_46,selected_source_rich_top64,kcenter,32,0.01,1.0pct,0.9386686514886164,0.915431382041047,0.7870012643485964,0.727086981903094,0.6485697606538237,0.008,True,1.9434863939424114,3426,10000,64,0.05992220001644455,0.018873400025768206,65,0,True,False
consistency,harder_holdout,chrono_late_train_early_eval,harder_holdout_local_calibration_issue17_18_19,A0_lr_baseline,lr_fixed_guard,lr,44,main_42_46,selected_source_rich_top64,kcenter,32,0.01,1.0pct,0.9932267950963222,0.9883133894403848,0.9539070131744536,0.9538820782253357,0.9500875656742557,0.0089,True,-2.8655547549506384,3426,10000,64,0.6145173999830149,0.027041499997721985,65,0,True,False
consistency,harder_holdout,chrono_late_train_early_eval,harder_holdout_local_calibration_issue17_18_19,A1_low_fpr_weighted_lr,lr_tail_q0.975_w4.0_a1.0,lr,44,main_42_46,selected_source_rich_top64,kcenter,32,0.01,1.0pct,0.9930113543490952,0.9887770496353653,0.9688166459853265,0.963806187974314,0.9559252772913018,0.0036,True,-2.8656890680214575,3426,10000,64,1.2429094999970403,0.028785200003767386,65,50,True,False
consistency,harder_holdout,chrono_late_train_early_eval,harder_holdout_local_calibration_issue17_18_19,A2_linear_svm_margin,sgd_hinge_alpha1e-05_a1.0,linear_svm,44,main_42_46,selected_source_rich_top64,kcenter,32,0.01,1.0pct,0.9330420607122009,0.9087659952312561,0.8059078228269192,0.7518972562755399,0.6862230005837712,0.0077,True,4063.2475192689153,3426,10000,64,0.06630979999317788,0.01649310000357218,65,0,True,False
consistency,harder_holdout,chrono_late_train_early_eval,harder_holdout_local_calibration_issue17_18_19,A0_lr_baseline,lr_fixed_guard,lr,45,main_42_46,selected_source_rich_top64,kcenter,32,0.01,1.0pct,0.9932267950963222,0.9883133894403848,0.9539070131744536,0.9538820782253357,0.9500875656742557,0.0089,True,-2.8655547549506384,3426,10000,64,0.5772991999983788,0.023936199984746054,65,0,True,False
consistency,harder_holdout,chrono_late_train_early_eval,harder_holdout_local_calibration_issue17_18_19,A1_low_fpr_weighted_lr,lr_tail_q0.95_w4.0_a1.0,lr,45,main_42_46,selected_source_rich_top64,kcenter,32,0.01,1.0pct,0.99316234676007,0.9890361343491361,0.9690718625233582,0.963806187974314,0.9562171628721541,0.0036,True,-2.8579869912102227,3426,10000,64,1.213798000011593,0.01998080001794733,65,100,True,False
consistency,harder_holdout,chrono_late_train_early_eval,harder_holdout_local_calibration_issue17_18_19,A2_linear_svm_margin,sgd_hinge_alpha0.0001_a2.0,linear_svm,45,main_42_46,selected_source_rich_top64,kcenter,32,0.01,1.0pct,0.928761675423234,0.907283834522768,0.7947266982900492,0.7314652656158785,0.6952714535901926,0.0087,True,505.7266668837352,3426,10000,64,0.05848540001898073,0.01866679999511689,65,0,True,False
consistency,harder_holdout,chrono_late_train_early_eval,harder_holdout_local_calibration_issue17_18_19,A0_lr_baseline,lr_fixed_guard,lr,46,main_42_46,selected_source_rich_top64,kcenter,32,0.01,1.0pct,0.9932267950963222,0.9883133894403848,0.9539070131744536,0.9538820782253357,0.9500875656742557,0.0089,True,-2.8655547549506384,3426,10000,64,0.5843243999988772,0.017459700000472367,65,0,True,False
consistency,harder_holdout,chrono_late_train_early_eval,harder_holdout_local_calibration_issue17_18_19,A1_low_fpr_weighted_lr,lr_tail_q0.95_w4.0_a1.0,lr,46,main_42_46,selected_source_rich_top64,kcenter,32,0.01,1.0pct,0.99316234676007,0.9890361343491361,0.9690718625233582,0.963806187974314,0.9562171628721541,0.0036,True,-2.8579869912102227,3426,10000,64,1.2362317999941297,0.0153582000057213,65,100,True,False
consistency,harder_holdout,chrono_late_train_early_eval,harder_holdout_local_calibration_issue17_18_19,A2_linear_svm_margin,sgd_hinge_alpha1e-05_a1.0,linear_svm,46,main_42_46,selected_source_rich_top64,kcenter,32,0.01,1.0pct,0.948129743140689,0.9140723332347422,0.6981360392153412,0.6144191476941039,0.5443666082895505,0.0097,True,635.6121500882284,3426,10000,64,0.058744900015881285,0.018203999992692843,65,0,True,False
consistency,harder_holdout,chrono_late_train_early_eval,harder_holdout_local_calibration_issue17_18_19,A0_lr_baseline,lr_fixed_guard,lr,47,heldout_47_51,selected_source_rich_top64,kcenter,32,0.01,1.0pct,0.9932267950963222,0.9883133894403848,0.9539070131744536,0.9538820782253357,0.9500875656742557,0.0089,True,-2.8655547549506384,3426,10000,64,0.5988806000095792,0.021698399999877438,65,0,True,False
consistency,harder_holdout,chrono_late_train_early_eval,harder_holdout_local_calibration_issue17_18_19,A1_low_fpr_weighted_lr,lr_tail_q0.975_w8.0_a1.0,lr,47,heldout_47_51,selected_source_rich_top64,kcenter,32,0.01,1.0pct,0.9928623175715119,0.9887538220184761,0.9712148013857964,0.967600700525394,0.957968476357268,0.0031,True,-2.861128712893049,3426,10000,64,1.2590970000019297,0.022700900008203462,65,50,True,False
consistency,harder_holdout,chrono_late_train_early_eval,harder_holdout_local_calibration_issue17_18_19,A2_linear_svm_margin,sgd_hinge_alpha1e-05_a1.0,linear_svm,47,heldout_47_51,selected_source_rich_top64,kcenter,32,0.01,1.0pct,0.9371296117921776,0.8920232745365823,0.7063367039517494,0.5528312901342674,0.542907180385289,0.0098,True,1900.0634748475088,3426,10000,64,0.04929130000527948,0.017818599997553974,65,0,True,False
consistency,harder_holdout,chrono_late_train_early_eval,harder_holdout_local_calibration_issue17_18_19,A0_lr_baseline,lr_fixed_guard,lr,48,heldout_47_51,selected_source_rich_top64,kcenter,32,0.01,1.0pct,0.9932267950963222,0.9883133894403848,0.9539070131744536,0.9538820782253357,0.9500875656742557,0.0089,True,-2.8655547549506384,3426,10000,64,0.6037016999907792,0.01948899999842979,65,0,True,False
consistency,harder_holdout,chrono_late_train_early_eval,harder_holdout_local_calibration_issue17_18_19,A1_low_fpr_weighted_lr,lr_tail_q0.975_w8.0_a1.0,lr,48,heldout_47_51,selected_source_rich_top64,kcenter,32,0.01,1.0pct,0.9928623175715119,0.9887538220184761,0.9712148013857964,0.967600700525394,0.957968476357268,0.0031,True,-2.861128712893049,3426,10000,64,1.1997433000069577,0.019282599998405203,65,50,True,False
consistency,harder_holdout,chrono_late_train_early_eval,harder_holdout_local_calibration_issue17_18_19,A2_linear_svm_margin,sgd_hinge_alpha0.0001_a1.0,linear_svm,48,heldout_47_51,selected_source_rich_top64,kcenter,32,0.01,1.0pct,0.9135807355516639,0.8754706897775569,0.7052850358036534,0.6132516053706947,0.4314068884997081,0.0067,True,340.3109140109758,3426,10000,64,0.07928629999514669,0.0259698000154458,65,0,True,False
consistency,harder_holdout,chrono_late_train_early_eval,harder_holdout_local_calibration_issue17_18_19,A0_lr_baseline,lr_fixed_guard,lr,49,heldout_47_51,selected_source_rich_top64,kcenter,32,0.01,1.0pct,0.9932267950963222,0.9883133894403848,0.9539070131744536,0.9538820782253357,0.9500875656742557,0.0089,True,-2.8655547549506384,3426,10000,64,0.6080960000108462,0.018706100003328174,65,0,True,False
consistency,harder_holdout,chrono_late_train_early_eval,harder_holdout_local_calibration_issue17_18_19,A1_low_fpr_weighted_lr,lr_tail_q0.975_w4.0_a1.0,lr,49,heldout_47_51,selected_source_rich_top64,kcenter,32,0.01,1.0pct,0.9930113543490952,0.9887770496353653,0.9688166459853265,0.963806187974314,0.9559252772913018,0.0036,True,-2.8656890680214575,3426,10000,64,1.256185899983393,0.031206099985865876,65,50,True,False
consistency,harder_holdout,chrono_late_train_early_eval,harder_holdout_local_calibration_issue17_18_19,A2_linear_svm_margin,sgd_hinge_alpha1e-05_a1.0,linear_svm,49,heldout_47_51,selected_source_rich_top64,kcenter,32,0.01,1.0pct,0.9624465265615878,0.9486670221972553,0.8363049925635182,0.7530647985989493,0.7682428488032691,0.0108,False,-103.94065828701953,3426,10000,64,0.06640720000723377,0.020201400009682402,65,0,True,False
consistency,harder_holdout,chrono_late_train_early_eval,harder_holdout_local_calibration_issue17_18_19,A0_lr_baseline,lr_fixed_guard,lr,50,heldout_47_51,selected_source_rich_top64,kcenter,32,0.01,1.0pct,0.9932267950963222,0.9883133894403848,0.9539070131744536,0.9538820782253357,0.9500875656742557,0.0089,True,-2.8655547549506384,3426,10000,64,0.5765279000042938,0.017324999993434176,65,0,True,False
consistency,harder_holdout,chrono_late_train_early_eval,harder_holdout_local_calibration_issue17_18_19,A1_low_fpr_weighted_lr,lr_tail_q0.975_w4.0_a1.0,lr,50,heldout_47_51,selected_source_rich_top64,kcenter,32,0.01,1.0pct,0.9930113543490952,0.9887770496353653,0.9688166459853265,0.963806187974314,0.9559252772913018,0.0036,True,-2.8656890680214575,3426,10000,64,1.1430294000019785,0.020177600003080443,65,50,True,False
consistency,harder_holdout,chrono_late_train_early_eval,harder_holdout_local_calibration_issue17_18_19,A2_linear_svm_margin,sgd_hinge_alpha1e-05_a1.0,linear_svm,50,heldout_47_51,selected_source_rich_top64,kcenter,32,0.01,1.0pct,0.9282816403969643,0.8980482694514282,0.7310355044340207,0.6243432574430823,0.6004086398131933,0.0096,True,-30.060949681417597,3426,10000,64,0.06417589998454787,0.024955100001534447,65,0,True,False
consistency,harder_holdout,chrono_late_train_early_eval,harder_holdout_local_calibration_issue17_18_19,A0_lr_baseline,lr_fixed_guard,lr,51,heldout_47_51,selected_source_rich_top64,kcenter,32,0.01,1.0pct,0.9932267950963222,0.9883133894403848,0.9539070131744536,0.9538820782253357,0.9500875656742557,0.0089,True,-2.8655547549506384,3426,10000,64,0.5866671999974642,0.02735759998904541,65,0,True,False
consistency,harder_holdout,chrono_late_train_early_eval,harder_holdout_local_calibration_issue17_18_19,A1_low_fpr_weighted_lr,lr_tail_q0.975_w4.0_a1.0,lr,51,heldout_47_51,selected_source_rich_top64,kcenter,32,0.01,1.0pct,0.9930113543490952,0.9887770496353653,0.9688166459853265,0.963806187974314,0.9559252772913018,0.0036,True,-2.8656890680214575,3426,10000,64,1.1966346999979578,0.0234063999960199,65,50,True,False
consistency,harder_holdout,chrono_late_train_early_eval,harder_holdout_local_calibration_issue17_18_19,A2_linear_svm_margin,sgd_hinge_alpha0.0001_a1.0,linear_svm,51,heldout_47_51,selected_source_rich_top64,kcenter,32,0.01,1.0pct,0.9236780210157618,0.8969163200051224,0.7603208687922978,0.6961471103327496,0.5262697022767076,0.006,True,175.09724525428848,3426,10000,64,0.0725891999900341,0.02193670000997372,65,0,True,False
consistency,harder_holdout,holdout_bin_2,harder_holdout_local_calibration_issue17_18_19,A0_lr_baseline,lr_fixed_guard,lr,42,main_42_46,selected_source_rich_top64,kcenter,32,0.01,1.0pct,0.9959862759643916,0.9865837153127115,0.9734838882841508,0.9770029673590505,0.9740356083086054,0.0057,True,-3.4616880163438504,1348,10000,64,0.5878925000142772,0.018296900001587346,65,0,True,False
consistency,harder_holdout,holdout_bin_2,harder_holdout_local_calibration_issue17_18_19,A1_low_fpr_weighted_lr,lr_tail_q0.975_w8.0_a1.0,lr,42,main_42_46,selected_source_rich_top64,kcenter,32,0.01,1.0pct,0.9963615727002968,0.9883180099338996,0.9809954818603402,0.978486646884273,0.9762611275964391,0.004,True,-3.435768897381259,1348,10000,64,1.1381216000008862,0.0217955999833066,65,50,True,False
consistency,harder_holdout,holdout_bin_2,harder_holdout_local_calibration_issue17_18_19,A2_linear_svm_margin,sgd_hinge_alpha1e-05_a1.0,linear_svm,42,main_42_46,selected_source_rich_top64,kcenter,32,0.01,1.0pct,0.920460830860534,0.8848013219859068,0.8942859699088916,0.8182492581602374,0.7114243323442137,0.0006,True,1579.3439709809722,1348,10000,64,0.06359279999742284,0.016406100010499358,65,0,True,False
consistency,harder_holdout,holdout_bin_2,harder_holdout_local_calibration_issue17_18_19,A0_lr_baseline,lr_fixed_guard,lr,43,main_42_46,selected_source_rich_top64,kcenter,32,0.01,1.0pct,0.9959862759643916,0.9865837153127115,0.9734838882841508,0.9770029673590505,0.9740356083086054,0.0057,True,-3.4616880163438504,1348,10000,64,0.5663958999793977,0.01943710001069121,65,0,True,False
consistency,harder_holdout,holdout_bin_2,harder_holdout_local_calibration_issue17_18_19,A1_low_fpr_weighted_lr,lr_tail_q0.975_w4.0_a1.0,lr,43,main_42_46,selected_source_rich_top64,kcenter,32,0.01,1.0pct,0.9962307121661721,0.9877525250704314,0.9788370636565618,0.978486646884273,0.9755192878338279,0.0045,True,-3.436871842947244,1348,10000,64,1.2739433000097051,0.02084189999732189,65,50,True,False
consistency,harder_holdout,holdout_bin_2,harder_holdout_local_calibration_issue17_18_19,A2_linear_svm_margin,sgd_hinge_alpha1e-05_a1.0,linear_svm,43,main_42_46,selected_source_rich_top64,kcenter,32,0.01,1.0pct,0.9158097181008902,0.8773743841651451,0.8926755438915646,0.8078635014836796,0.7002967359050445,0.0003,True,1223.1765977325797,1348,10000,64,0.07565380001324229,0.013885100022889674,65,0,True,False
consistency,harder_holdout,holdout_bin_2,harder_holdout_local_calibration_issue17_18_19,A0_lr_baseline,lr_fixed_guard,lr,44,main_42_46,selected_source_rich_top64,kcenter,32,0.01,1.0pct,0.9959862759643916,0.9865837153127115,0.9734838882841508,0.9770029673590505,0.9740356083086054,0.0057,True,-3.4616880163438504,1348,10000,64,0.5538292999844998,0.017234300001291558,65,0,True,False
consistency,harder_holdout,holdout_bin_2,harder_holdout_local_calibration_issue17_18_19,A1_low_fpr_weighted_lr,lr_tail_q0.975_w8.0_a1.0,lr,44,main_42_46,selected_source_rich_top64,kcenter,32,0.01,1.0pct,0.9963615727002968,0.9883180099338996,0.9809954818603402,0.978486646884273,0.9762611275964391,0.004,True,-3.435768897381259,1348,10000,64,1.224914999998873,0.02254269999684766,65,50,True,False
consistency,harder_holdout,holdout_bin_2,harder_holdout_local_calibration_issue17_18_19,A2_linear_svm_margin,sgd_hinge_alpha1e-05_a1.0,linear_svm,44,main_42_46,selected_source_rich_top64,kcenter,32,0.01,1.0pct,0.972565356083086,0.9231498141124854,0.9128804258682135,0.8531157270029673,0.798219584569733,0.0016,True,-1060.6191273615805,1348,10000,64,0.06036679999670014,0.015351699985330924,65,0,True,False
consistency,harder_holdout,holdout_bin_2,harder_holdout_local_calibration_issue17_18_19,A0_lr_baseline,lr_fixed_guard,lr,45,main_42_46,selected_source_rich_top64,kcenter,32,0.01,1.0pct,0.9959862759643916,0.9865837153127115,0.9734838882841508,0.9770029673590505,0.9740356083086054,0.0057,True,-3.4616880163438504,1348,10000,64,0.6495729000016581,0.03667370000039227,65,0,True,False
consistency,harder_holdout,holdout_bin_2,harder_holdout_local_calibration_issue17_18_19,A1_low_fpr_weighted_lr,lr_tail_q0.975_w4.0_a1.0,lr,45,main_42_46,selected_source_rich_top64,kcenter,32,0.01,1.0pct,0.9962307121661721,0.9877525250704314,0.9788370636565618,0.978486646884273,0.9755192878338279,0.0045,True,-3.436871842947244,1348,10000,64,1.200137400010135,0.022146300005260855,65,50,True,False
consistency,harder_holdout,holdout_bin_2,harder_holdout_local_calibration_issue17_18_19,A2_linear_svm_margin,sgd_hinge_alpha1e-05_a1.0,linear_svm,45,main_42_46,selected_source_rich_top64,kcenter,32,0.01,1.0pct,0.9488198071216617,0.8837263573757272,0.8504577785067773,0.7737388724035609,0.663946587537092,0.0024,True,643.6487155687519,1348,10000,64,0.083275799988769,0.018765299988444895,65,0,True,False
consistency,harder_holdout,holdout_bin_2,harder_holdout_local_calibration_issue17_18_19,A0_lr_baseline,lr_fixed_guard,lr,46,main_42_46,selected_source_rich_top64,kcenter,32,0.01,1.0pct,0.9959862759643916,0.9865837153127115,0.9734838882841508,0.9770029673590505,0.9740356083086054,0.0057,True,-3.4616880163438504,1348,10000,64,0.5627482999989297,0.0226461999991443,65,0,True,False
consistency,harder_holdout,holdout_bin_2,harder_holdout_local_calibration_issue17_18_19,A1_low_fpr_weighted_lr,lr_tail_q0.975_w8.0_a1.0,lr,46,main_42_46,selected_source_rich_top64,kcenter,32,0.01,1.0pct,0.9963615727002968,0.9883180099338996,0.9809954818603402,0.978486646884273,0.9762611275964391,0.004,True,-3.435768897381259,1348,10000,64,1.1871454999782145,0.018830699991667643,65,50,True,False
consistency,harder_holdout,holdout_bin_2,harder_holdout_local_calibration_issue17_18_19,A2_linear_svm_margin,sgd_hinge_alpha0.0001_a1.0,linear_svm,46,main_42_46,selected_source_rich_top64,kcenter,32,0.01,1.0pct,0.9424452522255193,0.8661875091940293,0.8087097207103768,0.7181008902077152,0.6602373887240356,0.0047,True,123.8286143327266,1348,10000,64,0.06546509999316186,0.017543199995998293,65,0,True,False
consistency,harder_holdout,holdout_bin_2,harder_holdout_local_calibration_issue17_18_19,A0_lr_baseline,lr_fixed_guard,lr,47,heldout_47_51,selected_source_rich_top64,kcenter,32,0.01,1.0pct,0.9959862759643916,0.9865837153127115,0.9734838882841508,0.9770029673590505,0.9740356083086054,0.0057,True,-3.4616880163438504,1348,10000,64,0.634179699991364,0.017578099999809638,65,0,True,False
consistency,harder_holdout,holdout_bin_2,harder_holdout_local_calibration_issue17_18_19,A1_low_fpr_weighted_lr,lr_tail_q0.975_w8.0_a1.0,lr,47,heldout_47_51,selected_source_rich_top64,kcenter,32,0.01,1.0pct,0.9963615727002968,0.9883180099338996,0.9809954818603402,0.978486646884273,0.9762611275964391,0.004,True,-3.435768897381259,1348,10000,64,1.1057186000107322,0.017384300008416176,65,50,True,False
consistency,harder_holdout,holdout_bin_2,harder_holdout_local_calibration_issue17_18_19,A2_linear_svm_margin,sgd_hinge_alpha1e-05_a1.0,linear_svm,47,heldout_47_51,selected_source_rich_top64,kcenter,32,0.01,1.0pct,0.9548794510385756,0.90460786191788,0.8944686339710421,0.8338278931750742,0.7848664688427299,0.0036,True,-1499.393688374303,1348,10000,64,0.07113369999569841,0.016663300018990412,65,0,True,False
consistency,harder_holdout,holdout_bin_2,harder_holdout_local_calibration_issue17_18_19,A0_lr_baseline,lr_fixed_guard,lr,48,heldout_47_51,selected_source_rich_top64,kcenter,32,0.01,1.0pct,0.9959862759643916,0.9865837153127115,0.9734838882841508,0.9770029673590505,0.9740356083086054,0.0057,True,-3.4616880163438504,1348,10000,64,0.5960004999942612,0.01876300000003539,65,0,True,False
consistency,harder_holdout,holdout_bin_2,harder_holdout_local_calibration_issue17_18_19,A1_low_fpr_weighted_lr,lr_tail_q0.95_w4.0_a1.0,lr,48,heldout_47_51,selected_source_rich_top64,kcenter,32,0.01,1.0pct,0.9963229228486645,0.9879544108569426,0.9789265317686354,0.978486646884273,0.9755192878338279,0.0045,True,-3.4504345866278157,1348,10000,64,1.1138976000074763,0.020619199989596382,65,100,True,False
consistency,harder_holdout,holdout_bin_2,harder_holdout_local_calibration_issue17_18_19,A2_linear_svm_margin,sgd_hinge_alpha1e-05_a1.0,linear_svm,48,heldout_47_51,selected_source_rich_top64,kcenter,32,0.01,1.0pct,0.9506416172106825,0.9046307823115999,0.8821555850468963,0.8286350148367952,0.766320474777448,0.0035,True,-973.3421703084248,1348,10000,64,0.07578369998373091,0.015441700001247227,65,0,True,False
consistency,harder_holdout,holdout_bin_2,harder_holdout_local_calibration_issue17_18_19,A0_lr_baseline,lr_fixed_guard,lr,49,heldout_47_51,selected_source_rich_top64,kcenter,32,0.01,1.0pct,0.9959862759643916,0.9865837153127115,0.9734838882841508,0.9770029673590505,0.9740356083086054,0.0057,True,-3.4616880163438504,1348,10000,64,0.5528934999892954,0.019858799991197884,65,0,True,False
consistency,harder_holdout,holdout_bin_2,harder_holdout_local_calibration_issue17_18_19,A1_low_fpr_weighted_lr,lr_tail_q0.975_w4.0_a1.0,lr,49,heldout_47_51,selected_source_rich_top64,kcenter,32,0.01,1.0pct,0.9962307121661721,0.9877525250704314,0.9788370636565618,0.978486646884273,0.9755192878338279,0.0045,True,-3.436871842947244,1348,10000,64,1.1224833999876864,0.01697779999813065,65,50,True,False
consistency,harder_holdout,holdout_bin_2,harder_holdout_local_calibration_issue17_18_19,A2_linear_svm_margin,sgd_hinge_alpha0.0001_a1.0,linear_svm,49,heldout_47_51,selected_source_rich_top64,kcenter,32,0.01,1.0pct,0.9354600890207716,0.8699285645196191,0.826648077181158,0.7366468842729971,0.7040059347181009,0.0045,True,71.21867006412243,1348,10000,64,0.07198239999706857,0.01565600000321865,65,0,True,False
consistency,harder_holdout,holdout_bin_2,harder_holdout_local_calibration_issue17_18_19,A0_lr_baseline,lr_fixed_guard,lr,50,heldout_47_51,selected_source_rich_top64,kcenter,32,0.01,1.0pct,0.9959862759643916,0.9865837153127115,0.9734838882841508,0.9770029673590505,0.9740356083086054,0.0057,True,-3.4616880163438504,1348,10000,64,0.6161927000212017,0.01844030001666397,65,0,True,False
consistency,harder_holdout,holdout_bin_2,harder_holdout_local_calibration_issue17_18_19,A1_low_fpr_weighted_lr,lr_tail_q0.95_w4.0_a1.0,lr,50,heldout_47_51,selected_source_rich_top64,kcenter,32,0.01,1.0pct,0.9963229228486645,0.9879544108569426,0.9789265317686354,0.978486646884273,0.9755192878338279,0.0045,True,-3.4504345866278157,1348,10000,64,1.1570746999932453,0.01872579997871071,65,100,True,False
consistency,harder_holdout,holdout_bin_2,harder_holdout_local_calibration_issue17_18_19,A2_linear_svm_margin,sgd_hinge_alpha1e-05_a1.0,linear_svm,50,heldout_47_51,selected_source_rich_top64,kcenter,32,0.01,1.0pct,0.9321583827893174,0.8673909280470998,0.8504838733727986,0.7485163204747775,0.6194362017804155,0.0008,True,4411.237566040592,1348,10000,64,0.051585900015197694,0.014635900006396696,65,0,True,False
consistency,harder_holdout,holdout_bin_2,harder_holdout_local_calibration_issue17_18_19,A0_lr_baseline,lr_fixed_guard,lr,51,heldout_47_51,selected_source_rich_top64,kcenter,32,0.01,1.0pct,0.9959862759643916,0.9865837153127115,0.9734838882841508,0.9770029673590505,0.9740356083086054,0.0057,True,-3.4616880163438504,1348,10000,64,0.6072429999767337,0.017670600005658343,65,0,True,False
consistency,harder_holdout,holdout_bin_2,harder_holdout_local_calibration_issue17_18_19,A1_low_fpr_weighted_lr,lr_tail_q0.95_w4.0_a1.0,lr,51,heldout_47_51,selected_source_rich_top64,kcenter,32,0.01,1.0pct,0.9963229228486645,0.9879544108569426,0.9789265317686354,0.978486646884273,0.9755192878338279,0.0045,True,-3.4504345866278157,1348,10000,64,1.199849999975413,0.01427980000153184,65,100,True,False
consistency,harder_holdout,holdout_bin_2,harder_holdout_local_calibration_issue17_18_19,A2_linear_svm_margin,sgd_hinge_alpha1e-05_a1.0,linear_svm,51,heldout_47_51,selected_source_rich_top64,kcenter,32,0.01,1.0pct,0.9365770771513353,0.8959480914766247,0.8917883184468336,0.8167655786350149,0.7589020771513353,0.0021,True,-237.56767524513717,1348,10000,64,0.08039669998106547,0.01619250001385808,65,0,True,False
