candidate,regime,feature_set,architecture,role,phase,source_group,device,rows,hard_alarm_rate,conflict_review_rate,attack_score_mean,hard_ood_score_mean
C1_fewshot_binary_raw115,fewshot_direct,raw115,binary_attack_vs_all_benign,id_calib,select,processed/iotsim-cooler-motor-6.csv,iotsim-cooler-motor-6,22418,0.0001784280488892854,0.0,0.013858718589131075,0.0
C1_fewshot_binary_raw115,fewshot_direct,raw115,binary_attack_vs_all_benign,id_calib,select,processed/iotsim-cooler-motor-7.csv,iotsim-cooler-motor-7,22425,8.918617614269788e-05,0.0,0.013873029718076102,0.0
C1_fewshot_binary_raw115,fewshot_direct,raw115,binary_attack_vs_all_benign,id_calib,select,processed/iotsim-cooler-motor-8.csv,iotsim-cooler-motor-8,5011,0.0003991219317501497,0.0,0.015925105275155112,0.0
C1_fewshot_binary_raw115,fewshot_direct,raw115,binary_attack_vs_all_benign,id_calib,select,processed/iotsim-cooler-motor-9.csv,iotsim-cooler-motor-9,1643,0.0012172854534388314,0.0,0.019069797235191588,0.0
C1_fewshot_binary_raw115,fewshot_direct,raw115,binary_attack_vs_all_benign,ood_val,select,processed/iotsim-hydraulic-system-12.csv,iotsim-hydraulic-system-12,2446,0.009811937857726901,0.0,0.02750800689668615,0.0
C1_fewshot_binary_raw115,fewshot_direct,raw115,binary_attack_vs_all_benign,ood_val,select,processed/iotsim-hydraulic-system-13.csv,iotsim-hydraulic-system-13,2431,0.007404360345536816,0.0,0.02441376439649036,0.0
C1_fewshot_binary_raw115,fewshot_direct,raw115,binary_attack_vs_all_benign,ood_val,select,processed/iotsim-hydraulic-system-14.csv,iotsim-hydraulic-system-14,2431,0.007404360345536816,0.0,0.022769790239807793,0.0
C1_fewshot_binary_raw115,fewshot_direct,raw115,binary_attack_vs_all_benign,ood_val,select,processed/iotsim-hydraulic-system-15.csv,iotsim-hydraulic-system-15,2446,0.009811937857726901,0.0,0.024343396823439084,0.0
C1_fewshot_binary_raw115,fewshot_direct,raw115,binary_attack_vs_all_benign,ood_val,select,processed/iotsim-hydraulic-system-2.csv,iotsim-hydraulic-system-2,2451,0.008567931456548347,0.0,0.03359504737803336,0.0
C1_fewshot_binary_raw115,fewshot_direct,raw115,binary_attack_vs_all_benign,ood_stress,select,processed/iotsim-stream-consumer-2.csv,iotsim-stream-consumer-2,79950,0.00632895559724828,0.0,0.02058660226919268,0.0
C1_fewshot_binary_raw115,fewshot_direct,raw115,binary_attack_vs_all_benign,support_val,select,processed/iotsim-city-power-1.csv,city-power,23,1.0,0.0,0.9651607643134257,0.0
C1_fewshot_binary_raw115,fewshot_direct,raw115,binary_attack_vs_all_benign,support_val,select,processed/iotsim-combined-cycle-10.csv,combined-cycle,6,1.0,0.0,0.9743192118901217,0.0
C1_fewshot_binary_raw115,fewshot_direct,raw115,binary_attack_vs_all_benign,support_val,select,processed/iotsim-ip-camera-museum-1.csv,ip-camera-museum,40,1.0,0.0,0.9632337535491542,0.0
C1_fewshot_binary_raw115,fewshot_direct,raw115,binary_attack_vs_all_benign,same_file_query,select,processed/iotsim-combined-cycle-10.csv,combined-cycle,2486,1.0,0.0,0.7508734629637274,0.0
C1_fewshot_binary_raw115,fewshot_direct,raw115,binary_attack_vs_all_benign,same_file_query,select,processed/iotsim-ip-camera-museum-1.csv,ip-camera-museum,65263,0.9991572560256194,0.0,0.9654806350128997,0.0
C1_fewshot_binary_raw115,fewshot_direct,raw115,binary_attack_vs_all_benign,future_query,select,processed/iotsim-combined-cycle-1.csv,combined-cycle,46486,0.9885556941874973,0.0,0.9092827494476812,0.0
C1_fewshot_binary_raw115,fewshot_direct,raw115,binary_attack_vs_all_benign,future_query,select,processed/iotsim-combined-cycle-10.csv,combined-cycle,12677,0.9964502642581052,0.0,0.5356943177512211,0.0
C1_fewshot_binary_raw115,fewshot_direct,raw115,binary_attack_vs_all_benign,future_query,select,processed/iotsim-domotic-monitor-1.csv,domotic-monitor,48185,0.9984850057071702,0.0,0.8391153599330299,0.0
C1_fewshot_binary_raw115,fewshot_direct,raw115,binary_attack_vs_all_benign,future_query,select,processed/iotsim-ip-camera-museum-1.csv,ip-camera-museum,12652,0.9518653177363263,0.0,0.7901875453610104,0.0
C1_fewshot_binary_raw115,fewshot_direct,raw115,binary_attack_vs_all_benign,sealed_final_ood,all,processed/iotsim-ip-camera-museum-2.csv,iotsim-ip-camera-museum-2,42570,0.6411322527601597,0.0,0.24570824386465642,0.0
C1_fewshot_binary_raw115,fewshot_direct,raw115,binary_attack_vs_all_benign,sealed_final_ood,all,processed/iotsim-ip-camera-street-2.csv,iotsim-ip-camera-street-2,77430,0.12098669766240475,0.0,0.19358902963039848,0.0
C1_fewshot_binary_raw115,fewshot_direct,raw115,binary_attack_vs_all_benign,sealed_final_attack,all,processed/iotsim-ip-camera-street-1.csv,ip-camera-street,110104,0.9767674198939185,0.0,0.8991053069999522,0.0
C2_fewshot_binary_evidence,fewshot_direct,evidence,binary_attack_vs_all_benign,id_calib,select,processed/iotsim-cooler-motor-6.csv,iotsim-cooler-motor-6,22418,4.460701222232135e-05,0.0,0.009291543957783985,0.0
C2_fewshot_binary_evidence,fewshot_direct,evidence,binary_attack_vs_all_benign,id_calib,select,processed/iotsim-cooler-motor-7.csv,iotsim-cooler-motor-7,22425,4.459308807134894e-05,0.0,0.009291530717467335,0.0
C2_fewshot_binary_evidence,fewshot_direct,evidence,binary_attack_vs_all_benign,id_calib,select,processed/iotsim-cooler-motor-8.csv,iotsim-cooler-motor-8,5011,0.00019956096587507485,0.0,0.009438887908356033,0.0
C2_fewshot_binary_evidence,fewshot_direct,evidence,binary_attack_vs_all_benign,id_calib,select,processed/iotsim-cooler-motor-9.csv,iotsim-cooler-motor-9,1643,0.0006086427267194157,0.0,0.009827879097860304,0.0
C2_fewshot_binary_evidence,fewshot_direct,evidence,binary_attack_vs_all_benign,ood_val,select,processed/iotsim-hydraulic-system-12.csv,iotsim-hydraulic-system-12,2446,0.002044153720359771,0.0,0.01517791285559086,0.0
C2_fewshot_binary_evidence,fewshot_direct,evidence,binary_attack_vs_all_benign,ood_val,select,processed/iotsim-hydraulic-system-13.csv,iotsim-hydraulic-system-13,2431,0.0012340600575894694,0.0,0.011841328013264988,0.0
C2_fewshot_binary_evidence,fewshot_direct,evidence,binary_attack_vs_all_benign,ood_val,select,processed/iotsim-hydraulic-system-14.csv,iotsim-hydraulic-system-14,2431,0.0012340600575894694,0.0,0.010970554078205895,0.0
C2_fewshot_binary_evidence,fewshot_direct,evidence,binary_attack_vs_all_benign,ood_val,select,processed/iotsim-hydraulic-system-15.csv,iotsim-hydraulic-system-15,2446,0.0012264922322158627,0.0,0.012962074145934081,0.0
C2_fewshot_binary_evidence,fewshot_direct,evidence,binary_attack_vs_all_benign,ood_val,select,processed/iotsim-hydraulic-system-2.csv,iotsim-hydraulic-system-2,2451,0.0,0.0,0.01122292348930922,0.0
C2_fewshot_binary_evidence,fewshot_direct,evidence,binary_attack_vs_all_benign,ood_stress,select,processed/iotsim-stream-consumer-2.csv,iotsim-stream-consumer-2,79950,0.008893058161350845,0.0,0.05164564556889352,0.0
C2_fewshot_binary_evidence,fewshot_direct,evidence,binary_attack_vs_all_benign,support_val,select,processed/iotsim-city-power-1.csv,city-power,23,1.0,0.0,0.9812241828358432,0.0
C2_fewshot_binary_evidence,fewshot_direct,evidence,binary_attack_vs_all_benign,support_val,select,processed/iotsim-combined-cycle-10.csv,combined-cycle,6,0.8333333333333334,0.0,0.8736299300309415,0.0
C2_fewshot_binary_evidence,fewshot_direct,evidence,binary_attack_vs_all_benign,support_val,select,processed/iotsim-ip-camera-museum-1.csv,ip-camera-museum,40,0.975,0.0,0.9735264945625799,0.0
C2_fewshot_binary_evidence,fewshot_direct,evidence,binary_attack_vs_all_benign,same_file_query,select,processed/iotsim-combined-cycle-10.csv,combined-cycle,2486,0.042236524537409496,0.0,0.05778607902137487,0.0
C2_fewshot_binary_evidence,fewshot_direct,evidence,binary_attack_vs_all_benign,same_file_query,select,processed/iotsim-ip-camera-museum-1.csv,ip-camera-museum,65263,0.9532353707307356,0.0,0.9666283653822971,0.0
C2_fewshot_binary_evidence,fewshot_direct,evidence,binary_attack_vs_all_benign,future_query,select,processed/iotsim-combined-cycle-1.csv,combined-cycle,46486,0.9056490126059459,0.0,0.9036925949240688,0.0
C2_fewshot_binary_evidence,fewshot_direct,evidence,binary_attack_vs_all_benign,future_query,select,processed/iotsim-combined-cycle-10.csv,combined-cycle,12677,0.12763272067523862,0.0,0.17472288844909634,0.0
C2_fewshot_binary_evidence,fewshot_direct,evidence,binary_attack_vs_all_benign,future_query,select,processed/iotsim-domotic-monitor-1.csv,domotic-monitor,48185,0.6242606620317526,0.0,0.7005445682248119,0.0
C2_fewshot_binary_evidence,fewshot_direct,evidence,binary_attack_vs_all_benign,future_query,select,processed/iotsim-ip-camera-museum-1.csv,ip-camera-museum,12652,0.915428390768258,0.0,0.9128805510245376,0.0
C2_fewshot_binary_evidence,fewshot_direct,evidence,binary_attack_vs_all_benign,sealed_final_ood,all,processed/iotsim-ip-camera-museum-2.csv,iotsim-ip-camera-museum-2,42570,0.0027249236551562133,0.0,0.04584417928183226,0.0
C2_fewshot_binary_evidence,fewshot_direct,evidence,binary_attack_vs_all_benign,sealed_final_ood,all,processed/iotsim-ip-camera-street-2.csv,iotsim-ip-camera-street-2,77430,0.009143742735373887,0.0,0.10449664369701252,0.0
C2_fewshot_binary_evidence,fewshot_direct,evidence,binary_attack_vs_all_benign,sealed_final_attack,all,processed/iotsim-ip-camera-street-1.csv,ip-camera-street,110104,0.8710219428903582,0.0,0.8878013313583966,0.0
C3_fewshot_binary_raw_plus_evidence,fewshot_direct,raw_plus_evidence,binary_attack_vs_all_benign,id_calib,select,processed/iotsim-cooler-motor-6.csv,iotsim-cooler-motor-6,22418,4.460701222232135e-05,0.0,0.0002162298180100045,0.0
C3_fewshot_binary_raw_plus_evidence,fewshot_direct,raw_plus_evidence,binary_attack_vs_all_benign,id_calib,select,processed/iotsim-cooler-motor-7.csv,iotsim-cooler-motor-7,22425,4.459308807134894e-05,0.0,0.0002161191943739447,0.0
C3_fewshot_binary_raw_plus_evidence,fewshot_direct,raw_plus_evidence,binary_attack_vs_all_benign,id_calib,select,processed/iotsim-cooler-motor-8.csv,iotsim-cooler-motor-8,5011,0.00019956096587507485,0.0,0.0003747666750064379,0.0
C3_fewshot_binary_raw_plus_evidence,fewshot_direct,raw_plus_evidence,binary_attack_vs_all_benign,id_calib,select,processed/iotsim-cooler-motor-9.csv,iotsim-cooler-motor-9,1643,0.0006086427267194157,0.0,0.0007930076121716786,0.0
C3_fewshot_binary_raw_plus_evidence,fewshot_direct,raw_plus_evidence,binary_attack_vs_all_benign,ood_val,select,processed/iotsim-hydraulic-system-12.csv,iotsim-hydraulic-system-12,2446,0.007358953393295176,0.0,0.0016524806216189885,0.0
C3_fewshot_binary_raw_plus_evidence,fewshot_direct,raw_plus_evidence,binary_attack_vs_all_benign,ood_val,select,processed/iotsim-hydraulic-system-13.csv,iotsim-hydraulic-system-13,2431,0.002879473467708762,0.0,0.0012769645656201748,0.0
C3_fewshot_binary_raw_plus_evidence,fewshot_direct,raw_plus_evidence,binary_attack_vs_all_benign,ood_val,select,processed/iotsim-hydraulic-system-14.csv,iotsim-hydraulic-system-14,2431,0.0020567667626491155,0.0,0.0008519607007183553,0.0
C3_fewshot_binary_raw_plus_evidence,fewshot_direct,raw_plus_evidence,binary_attack_vs_all_benign,ood_val,select,processed/iotsim-hydraulic-system-15.csv,iotsim-hydraulic-system-15,2446,0.004497138184791497,0.0,0.0014004043867949184,0.0
C3_fewshot_binary_raw_plus_evidence,fewshot_direct,raw_plus_evidence,binary_attack_vs_all_benign,ood_val,select,processed/iotsim-hydraulic-system-2.csv,iotsim-hydraulic-system-2,2451,0.0028559771521827824,0.0,0.0004042491392953077,0.0
C3_fewshot_binary_raw_plus_evidence,fewshot_direct,raw_plus_evidence,binary_attack_vs_all_benign,ood_stress,select,processed/iotsim-stream-consumer-2.csv,iotsim-stream-consumer-2,79950,0.009843652282676673,0.0,0.001171421195852113,0.0
C3_fewshot_binary_raw_plus_evidence,fewshot_direct,raw_plus_evidence,binary_attack_vs_all_benign,support_val,select,processed/iotsim-city-power-1.csv,city-power,23,1.0,0.0,0.9997045813763367,0.0
C3_fewshot_binary_raw_plus_evidence,fewshot_direct,raw_plus_evidence,binary_attack_vs_all_benign,support_val,select,processed/iotsim-combined-cycle-10.csv,combined-cycle,6,1.0,0.0,0.9092044748056494,0.0
C3_fewshot_binary_raw_plus_evidence,fewshot_direct,raw_plus_evidence,binary_attack_vs_all_benign,support_val,select,processed/iotsim-ip-camera-museum-1.csv,ip-camera-museum,40,1.0,0.0,0.9825409331562771,0.0
C3_fewshot_binary_raw_plus_evidence,fewshot_direct,raw_plus_evidence,binary_attack_vs_all_benign,same_file_query,select,processed/iotsim-combined-cycle-10.csv,combined-cycle,2486,0.053901850362027354,0.0,0.049355736172307964,0.0
C3_fewshot_binary_raw_plus_evidence,fewshot_direct,raw_plus_evidence,binary_attack_vs_all_benign,same_file_query,select,processed/iotsim-ip-camera-museum-1.csv,ip-camera-museum,65263,0.9955717634800729,0.0,0.9935887001521354,0.0
C3_fewshot_binary_raw_plus_evidence,fewshot_direct,raw_plus_evidence,binary_attack_vs_all_benign,future_query,select,processed/iotsim-combined-cycle-1.csv,combined-cycle,46486,0.9342812889902337,0.0,0.9298597447600429,0.0
C3_fewshot_binary_raw_plus_evidence,fewshot_direct,raw_plus_evidence,binary_attack_vs_all_benign,future_query,select,processed/iotsim-combined-cycle-10.csv,combined-cycle,12677,0.18805711130393626,0.0,0.16788586430701452,0.0
C3_fewshot_binary_raw_plus_evidence,fewshot_direct,raw_plus_evidence,binary_attack_vs_all_benign,future_query,select,processed/iotsim-domotic-monitor-1.csv,domotic-monitor,48185,0.7418283698246342,0.0,0.7321153747577892,0.0
C3_fewshot_binary_raw_plus_evidence,fewshot_direct,raw_plus_evidence,binary_attack_vs_all_benign,future_query,select,processed/iotsim-ip-camera-museum-1.csv,ip-camera-museum,12652,1.0,0.0,0.99761214264718,0.0
C3_fewshot_binary_raw_plus_evidence,fewshot_direct,raw_plus_evidence,binary_attack_vs_all_benign,sealed_final_ood,all,processed/iotsim-ip-camera-museum-2.csv,iotsim-ip-camera-museum-2,42570,0.016819356354240075,0.0,0.005101682146314743,0.0
C3_fewshot_binary_raw_plus_evidence,fewshot_direct,raw_plus_evidence,binary_attack_vs_all_benign,sealed_final_ood,all,processed/iotsim-ip-camera-street-2.csv,iotsim-ip-camera-street-2,77430,0.10816221102931681,0.0,0.009691910533143938,0.0
C3_fewshot_binary_raw_plus_evidence,fewshot_direct,raw_plus_evidence,binary_attack_vs_all_benign,sealed_final_attack,all,processed/iotsim-ip-camera-street-1.csv,ip-camera-street,110104,0.9323003705587445,0.0,0.9048607479565673,0.0
C4_fewshot_multiclass_raw115,fewshot_direct,raw115,multiclass_id_ood_hardood_attack,id_calib,select,processed/iotsim-cooler-motor-6.csv,iotsim-cooler-motor-6,22418,0.0,0.0004460701222232135,0.0004808573136621773,0.00017587038659970202
C4_fewshot_multiclass_raw115,fewshot_direct,raw115,multiclass_id_ood_hardood_attack,id_calib,select,processed/iotsim-cooler-motor-7.csv,iotsim-cooler-motor-7,22425,0.0,0.0004459308807134894,0.00048528060399746916,0.0001757242985263043
C4_fewshot_multiclass_raw115,fewshot_direct,raw115,multiclass_id_ood_hardood_attack,id_calib,select,processed/iotsim-cooler-motor-8.csv,iotsim-cooler-motor-8,5011,0.0,0.0013969267611255239,0.0008775065413001074,0.00019798223072184468
C4_fewshot_multiclass_raw115,fewshot_direct,raw115,multiclass_id_ood_hardood_attack,id_calib,select,processed/iotsim-cooler-motor-9.csv,iotsim-cooler-motor-9,1643,0.0,0.0030432136335970784,0.0013627571368833536,0.00022663745146652987
C4_fewshot_multiclass_raw115,fewshot_direct,raw115,multiclass_id_ood_hardood_attack,ood_val,select,processed/iotsim-hydraulic-system-12.csv,iotsim-hydraulic-system-12,2446,0.0008176614881439084,0.011856091578086671,0.0022164760808219565,0.0006992219130443987
C4_fewshot_multiclass_raw115,fewshot_direct,raw115,multiclass_id_ood_hardood_attack,ood_val,select,processed/iotsim-hydraulic-system-13.csv,iotsim-hydraulic-system-13,2431,0.00041135335252982314,0.011106540518305225,0.0017860216046847387,0.0006551340463879584
C4_fewshot_multiclass_raw115,fewshot_direct,raw115,multiclass_id_ood_hardood_attack,ood_val,select,processed/iotsim-hydraulic-system-14.csv,iotsim-hydraulic-system-14,2431,0.00041135335252982314,0.004113533525298231,0.0017855399294082173,0.0006719253402858796
C4_fewshot_multiclass_raw115,fewshot_direct,raw115,multiclass_id_ood_hardood_attack,ood_val,select,processed/iotsim-hydraulic-system-15.csv,iotsim-hydraulic-system-15,2446,0.0004088307440719542,0.008994276369582993,0.0017524631428881112,0.0006547285764822195
C4_fewshot_multiclass_raw115,fewshot_direct,raw115,multiclass_id_ood_hardood_attack,ood_val,select,processed/iotsim-hydraulic-system-2.csv,iotsim-hydraulic-system-2,2451,0.0004079967360261118,0.008567931456548347,0.0019406334052907686,0.0006973682642032465
C4_fewshot_multiclass_raw115,fewshot_direct,raw115,multiclass_id_ood_hardood_attack,ood_stress,select,processed/iotsim-stream-consumer-2.csv,iotsim-stream-consumer-2,79950,0.00012507817385866166,0.003602251407129456,0.000827513600759553,0.9966805987764046
C4_fewshot_multiclass_raw115,fewshot_direct,raw115,multiclass_id_ood_hardood_attack,support_val,select,processed/iotsim-city-power-1.csv,city-power,23,1.0,0.0,0.9977379317899058,0.00028045455603804473
C4_fewshot_multiclass_raw115,fewshot_direct,raw115,multiclass_id_ood_hardood_attack,support_val,select,processed/iotsim-combined-cycle-10.csv,combined-cycle,6,1.0,0.0,0.8858376133837974,0.0010442330854124268
C4_fewshot_multiclass_raw115,fewshot_direct,raw115,multiclass_id_ood_hardood_attack,support_val,select,processed/iotsim-ip-camera-museum-1.csv,ip-camera-museum,40,1.0,0.0,0.9929026059704082,0.0013066695446535665
C4_fewshot_multiclass_raw115,fewshot_direct,raw115,multiclass_id_ood_hardood_attack,same_file_query,select,processed/iotsim-combined-cycle-10.csv,combined-cycle,2486,1.0,0.0,0.9216268145012126,0.012366019093214156
C4_fewshot_multiclass_raw115,fewshot_direct,raw115,multiclass_id_ood_hardood_attack,same_file_query,select,processed/iotsim-ip-camera-museum-1.csv,ip-camera-museum,65263,0.9994483857622236,0.0005516142377763817,0.9948370845876696,0.0030676881189232474
C4_fewshot_multiclass_raw115,fewshot_direct,raw115,multiclass_id_ood_hardood_attack,future_query,select,processed/iotsim-combined-cycle-1.csv,combined-cycle,46486,0.9800800240932754,0.01865077657789442,0.8915229598288295,0.004085067964111057
C4_fewshot_multiclass_raw115,fewshot_direct,raw115,multiclass_id_ood_hardood_attack,future_query,select,processed/iotsim-combined-cycle-10.csv,combined-cycle,12677,0.9917172832689122,0.006468407351897136,0.8119755918536784,0.03176653622815962
C4_fewshot_multiclass_raw115,fewshot_direct,raw115,multiclass_id_ood_hardood_attack,future_query,select,processed/iotsim-domotic-monitor-1.csv,domotic-monitor,48185,0.996866244681955,0.0026771816955484073,0.9461072608412917,0.009231784605651973
C4_fewshot_multiclass_raw115,fewshot_direct,raw115,multiclass_id_ood_hardood_attack,future_query,select,processed/iotsim-ip-camera-museum-1.csv,ip-camera-museum,12652,1.0,0.0,0.98793301220321,0.006707318624332417
C4_fewshot_multiclass_raw115,fewshot_direct,raw115,multiclass_id_ood_hardood_attack,sealed_final_ood,all,processed/iotsim-ip-camera-museum-2.csv,iotsim-ip-camera-museum-2,42570,0.0028188865398167725,0.01625557904627672,0.009175919028743472,0.9882318690048195
C4_fewshot_multiclass_raw115,fewshot_direct,raw115,multiclass_id_ood_hardood_attack,sealed_final_ood,all,processed/iotsim-ip-camera-street-2.csv,iotsim-ip-camera-street-2,77430,0.009518274570579879,0.0686943045331267,0.01611297505080257,0.9800686996328188
C4_fewshot_multiclass_raw115,fewshot_direct,raw115,multiclass_id_ood_hardood_attack,sealed_final_attack,all,processed/iotsim-ip-camera-street-1.csv,ip-camera-street,110104,0.9967121993751362,0.0018618760444670493,0.9763235884945113,0.015492963169358331
C5_fewshot_multihead_raw_plus_evidence,fewshot_direct,raw_plus_evidence,multihead_attack_hardood_conflict,id_calib,select,processed/iotsim-cooler-motor-6.csv,iotsim-cooler-motor-6,22418,4.460701222232135e-05,0.0,0.0002162298180100045,0.0001676943537026194
C5_fewshot_multihead_raw_plus_evidence,fewshot_direct,raw_plus_evidence,multihead_attack_hardood_conflict,id_calib,select,processed/iotsim-cooler-motor-7.csv,iotsim-cooler-motor-7,22425,4.459308807134894e-05,0.0,0.0002161191943739447,0.0001676835313884811
C5_fewshot_multihead_raw_plus_evidence,fewshot_direct,raw_plus_evidence,multihead_attack_hardood_conflict,id_calib,select,processed/iotsim-cooler-motor-8.csv,iotsim-cooler-motor-8,5011,0.00019956096587507485,0.0,0.0003747666750064379,0.00016763671266243862
C5_fewshot_multihead_raw_plus_evidence,fewshot_direct,raw_plus_evidence,multihead_attack_hardood_conflict,id_calib,select,processed/iotsim-cooler-motor-9.csv,iotsim-cooler-motor-9,1643,0.0006086427267194157,0.0,0.0007930076121716786,0.00016763671266243862
C5_fewshot_multihead_raw_plus_evidence,fewshot_direct,raw_plus_evidence,multihead_attack_hardood_conflict,ood_val,select,processed/iotsim-hydraulic-system-12.csv,iotsim-hydraulic-system-12,2446,0.007358953393295176,0.0,0.0016524806216189885,0.00017887081108482056
C5_fewshot_multihead_raw_plus_evidence,fewshot_direct,raw_plus_evidence,multihead_attack_hardood_conflict,ood_val,select,processed/iotsim-hydraulic-system-13.csv,iotsim-hydraulic-system-13,2431,0.002879473467708762,0.0,0.0012769645656201748,0.00017792213121182389
C5_fewshot_multihead_raw_plus_evidence,fewshot_direct,raw_plus_evidence,multihead_attack_hardood_conflict,ood_val,select,processed/iotsim-hydraulic-system-14.csv,iotsim-hydraulic-system-14,2431,0.0020567667626491155,0.0,0.0008519607007183553,0.00018793238607140212
C5_fewshot_multihead_raw_plus_evidence,fewshot_direct,raw_plus_evidence,multihead_attack_hardood_conflict,ood_val,select,processed/iotsim-hydraulic-system-15.csv,iotsim-hydraulic-system-15,2446,0.004497138184791497,0.0,0.0014004043867949184,0.00018191845014624397
C5_fewshot_multihead_raw_plus_evidence,fewshot_direct,raw_plus_evidence,multihead_attack_hardood_conflict,ood_val,select,processed/iotsim-hydraulic-system-2.csv,iotsim-hydraulic-system-2,2451,0.0028559771521827824,0.0,0.0004042491392953077,0.00017586008617929074
C5_fewshot_multihead_raw_plus_evidence,fewshot_direct,raw_plus_evidence,multihead_attack_hardood_conflict,ood_stress,select,processed/iotsim-stream-consumer-2.csv,iotsim-stream-consumer-2,79950,3.75234521575985e-05,0.009806128830519074,0.001171421195852113,0.9973941882575499
C5_fewshot_multihead_raw_plus_evidence,fewshot_direct,raw_plus_evidence,multihead_attack_hardood_conflict,support_val,select,processed/iotsim-city-power-1.csv,city-power,23,1.0,0.0,0.9997045813763367,0.00017638094404719495
C5_fewshot_multihead_raw_plus_evidence,fewshot_direct,raw_plus_evidence,multihead_attack_hardood_conflict,support_val,select,processed/iotsim-combined-cycle-10.csv,combined-cycle,6,1.0,0.0,0.9092044748056494,0.0005389925027640255
C5_fewshot_multihead_raw_plus_evidence,fewshot_direct,raw_plus_evidence,multihead_attack_hardood_conflict,support_val,select,processed/iotsim-ip-camera-museum-1.csv,ip-camera-museum,40,0.925,0.075,0.9825409331562771,0.0026465959636383877
C5_fewshot_multihead_raw_plus_evidence,fewshot_direct,raw_plus_evidence,multihead_attack_hardood_conflict,same_file_query,select,processed/iotsim-combined-cycle-10.csv,combined-cycle,2486,0.01166532582461786,0.042236524537409496,0.049355736172307964,0.00438499556298345
C5_fewshot_multihead_raw_plus_evidence,fewshot_direct,raw_plus_evidence,multihead_attack_hardood_conflict,same_file_query,select,processed/iotsim-ip-camera-museum-1.csv,ip-camera-museum,65263,0.9370700090403444,0.058501754439728486,0.9935887001521354,0.0031214606732644498
C5_fewshot_multihead_raw_plus_evidence,fewshot_direct,raw_plus_evidence,multihead_attack_hardood_conflict,future_query,select,processed/iotsim-combined-cycle-1.csv,combined-cycle,46486,0.8851267048143527,0.04915458417588091,0.9298597447600429,0.007939510638129532
C5_fewshot_multihead_raw_plus_evidence,fewshot_direct,raw_plus_evidence,multihead_attack_hardood_conflict,future_query,select,processed/iotsim-combined-cycle-10.csv,combined-cycle,12677,0.18805711130393626,0.0,0.16788586430701452,0.00019209001301373756
C5_fewshot_multihead_raw_plus_evidence,fewshot_direct,raw_plus_evidence,multihead_attack_hardood_conflict,future_query,select,processed/iotsim-domotic-monitor-1.csv,domotic-monitor,48185,0.7297706755214278,0.012057694303206391,0.7321153747577892,0.0010244789258100166
C5_fewshot_multihead_raw_plus_evidence,fewshot_direct,raw_plus_evidence,multihead_attack_hardood_conflict,future_query,select,processed/iotsim-ip-camera-museum-1.csv,ip-camera-museum,12652,0.9958899778691116,0.004110022130888397,0.99761214264718,0.00039059760818333026
C5_fewshot_multihead_raw_plus_evidence,fewshot_direct,raw_plus_evidence,multihead_attack_hardood_conflict,sealed_final_ood,all,processed/iotsim-ip-camera-museum-2.csv,iotsim-ip-camera-museum-2,42570,0.0006107587502936341,0.01620859760394644,0.005101682146314743,0.9970522639986782
C5_fewshot_multihead_raw_plus_evidence,fewshot_direct,raw_plus_evidence,multihead_attack_hardood_conflict,sealed_final_ood,all,processed/iotsim-ip-camera-street-2.csv,iotsim-ip-camera-street-2,77430,0.0019501485212449954,0.1062120625080718,0.009691910533143938,0.9897389078881628
C5_fewshot_multihead_raw_plus_evidence,fewshot_direct,raw_plus_evidence,multihead_attack_hardood_conflict,sealed_final_attack,all,processed/iotsim-ip-camera-street-1.csv,ip-camera-street,110104,0.7125263387342876,0.21977403182445687,0.9048607479565673,0.08631839454774438
U1_devlabel_binary_raw_plus_temporal_mlp,dev_label_upper,raw_plus_temporal,binary_attack_vs_all_benign,id_calib,select,processed/iotsim-cooler-motor-6.csv,iotsim-cooler-motor-6,22418,0.0001784280488892854,0.0,0.00044530655537119605,0.0
U1_devlabel_binary_raw_plus_temporal_mlp,dev_label_upper,raw_plus_temporal,binary_attack_vs_all_benign,id_calib,select,processed/iotsim-cooler-motor-7.csv,iotsim-cooler-motor-7,22425,0.00013377926421404682,0.0,0.0004717421175810804,0.0
U1_devlabel_binary_raw_plus_temporal_mlp,dev_label_upper,raw_plus_temporal,binary_attack_vs_all_benign,id_calib,select,processed/iotsim-cooler-motor-8.csv,iotsim-cooler-motor-8,5011,0.00019956096587507485,0.0,0.0004935927753702324,0.0
U1_devlabel_binary_raw_plus_temporal_mlp,dev_label_upper,raw_plus_temporal,binary_attack_vs_all_benign,id_calib,select,processed/iotsim-cooler-motor-9.csv,iotsim-cooler-motor-9,1643,0.0,0.0,0.000514046705124836,0.0
U1_devlabel_binary_raw_plus_temporal_mlp,dev_label_upper,raw_plus_temporal,binary_attack_vs_all_benign,ood_val,select,processed/iotsim-hydraulic-system-12.csv,iotsim-hydraulic-system-12,2446,0.010220768601798855,0.0,0.01117329694030119,0.0
U1_devlabel_binary_raw_plus_temporal_mlp,dev_label_upper,raw_plus_temporal,binary_attack_vs_all_benign,ood_val,select,processed/iotsim-hydraulic-system-13.csv,iotsim-hydraulic-system-13,2431,0.009872480460715755,0.0,0.009573863927784492,0.0
U1_devlabel_binary_raw_plus_temporal_mlp,dev_label_upper,raw_plus_temporal,binary_attack_vs_all_benign,ood_val,select,processed/iotsim-hydraulic-system-14.csv,iotsim-hydraulic-system-14,2431,0.010283833813245578,0.0,0.008959289042164503,0.0
U1_devlabel_binary_raw_plus_temporal_mlp,dev_label_upper,raw_plus_temporal,binary_attack_vs_all_benign,ood_val,select,processed/iotsim-hydraulic-system-15.csv,iotsim-hydraulic-system-15,2446,0.008994276369582993,0.0,0.00979229072477465,0.0
U1_devlabel_binary_raw_plus_temporal_mlp,dev_label_upper,raw_plus_temporal,binary_attack_vs_all_benign,ood_val,select,processed/iotsim-hydraulic-system-2.csv,iotsim-hydraulic-system-2,2451,0.011015911872705019,0.0,0.010861471547121361,0.0
U1_devlabel_binary_raw_plus_temporal_mlp,dev_label_upper,raw_plus_temporal,binary_attack_vs_all_benign,ood_stress,select,processed/iotsim-stream-consumer-2.csv,iotsim-stream-consumer-2,79950,0.00450281425891182,0.0,0.006346442999981871,0.0
U1_devlabel_binary_raw_plus_temporal_mlp,dev_label_upper,raw_plus_temporal,binary_attack_vs_all_benign,support_val,select,processed/iotsim-city-power-1.csv,city-power,23,1.0,0.0,0.9999400921489882,0.0
U1_devlabel_binary_raw_plus_temporal_mlp,dev_label_upper,raw_plus_temporal,binary_attack_vs_all_benign,support_val,select,processed/iotsim-combined-cycle-10.csv,combined-cycle,6,1.0,0.0,0.9999999006589254,0.0
U1_devlabel_binary_raw_plus_temporal_mlp,dev_label_upper,raw_plus_temporal,binary_attack_vs_all_benign,support_val,select,processed/iotsim-ip-camera-museum-1.csv,ip-camera-museum,40,0.975,0.0,0.9788603600114584,0.0
U1_devlabel_binary_raw_plus_temporal_mlp,dev_label_upper,raw_plus_temporal,binary_attack_vs_all_benign,same_file_query,select,processed/iotsim-combined-cycle-10.csv,combined-cycle,2486,1.0,0.0,0.9999809705098598,0.0
U1_devlabel_binary_raw_plus_temporal_mlp,dev_label_upper,raw_plus_temporal,binary_attack_vs_all_benign,same_file_query,select,processed/iotsim-ip-camera-museum-1.csv,ip-camera-museum,65263,0.9958016027458131,0.0,0.9941620439458666,0.0
U1_devlabel_binary_raw_plus_temporal_mlp,dev_label_upper,raw_plus_temporal,binary_attack_vs_all_benign,future_query,select,processed/iotsim-combined-cycle-1.csv,combined-cycle,46486,0.9097362646818397,0.0,0.9078509489376659,0.0
U1_devlabel_binary_raw_plus_temporal_mlp,dev_label_upper,raw_plus_temporal,binary_attack_vs_all_benign,future_query,select,processed/iotsim-combined-cycle-10.csv,combined-cycle,12677,0.99771239252189,0.0,0.9971920788002272,0.0
U1_devlabel_binary_raw_plus_temporal_mlp,dev_label_upper,raw_plus_temporal,binary_attack_vs_all_benign,future_query,select,processed/iotsim-domotic-monitor-1.csv,domotic-monitor,48185,0.9995226730310263,0.0,0.9993570316972202,0.0
U1_devlabel_binary_raw_plus_temporal_mlp,dev_label_upper,raw_plus_temporal,binary_attack_vs_all_benign,future_query,select,processed/iotsim-ip-camera-museum-1.csv,ip-camera-museum,12652,0.9842712614606386,0.0,0.9625739158946274,0.0
U1_devlabel_binary_raw_plus_temporal_mlp,dev_label_upper,raw_plus_temporal,binary_attack_vs_all_benign,sealed_final_ood,all,processed/iotsim-ip-camera-museum-2.csv,iotsim-ip-camera-museum-2,42570,0.0016678412027249236,0.0,0.00203066761933695,0.0
U1_devlabel_binary_raw_plus_temporal_mlp,dev_label_upper,raw_plus_temporal,binary_attack_vs_all_benign,sealed_final_ood,all,processed/iotsim-ip-camera-street-2.csv,iotsim-ip-camera-street-2,77430,0.003060829135993801,0.0,0.010309984412851502,0.0
U1_devlabel_binary_raw_plus_temporal_mlp,dev_label_upper,raw_plus_temporal,binary_attack_vs_all_benign,sealed_final_attack,all,processed/iotsim-ip-camera-street-1.csv,ip-camera-street,110104,0.999518636925089,0.0,0.9977677027790408,0.0
U2_devlabel_multihead_raw_plus_temporal,dev_label_upper,raw_plus_temporal,multihead_attack_hardood_conflict,id_calib,select,processed/iotsim-cooler-motor-6.csv,iotsim-cooler-motor-6,22418,0.0005798911588901775,0.0,0.00029212102712388474,0.0009971010540517828
U2_devlabel_multihead_raw_plus_temporal,dev_label_upper,raw_plus_temporal,multihead_attack_hardood_conflict,id_calib,select,processed/iotsim-cooler-motor-7.csv,iotsim-cooler-motor-7,22425,0.0006243032329988851,0.0,0.00026225807841021416,0.0009971010540517828
U2_devlabel_multihead_raw_plus_temporal,dev_label_upper,raw_plus_temporal,multihead_attack_hardood_conflict,id_calib,select,processed/iotsim-cooler-motor-8.csv,iotsim-cooler-motor-8,5011,0.0003991219317501497,0.0,0.00025789288714462167,0.0009971010540517828
U2_devlabel_multihead_raw_plus_temporal,dev_label_upper,raw_plus_temporal,multihead_attack_hardood_conflict,id_calib,select,processed/iotsim-cooler-motor-9.csv,iotsim-cooler-motor-9,1643,0.0006086427267194157,0.0,0.00024852448773608315,0.0009971010540517826
U2_devlabel_multihead_raw_plus_temporal,dev_label_upper,raw_plus_temporal,multihead_attack_hardood_conflict,ood_val,select,processed/iotsim-hydraulic-system-12.csv,iotsim-hydraulic-system-12,2446,0.013082583810302535,0.0,0.003493107336942877,0.0009974545057763594
U2_devlabel_multihead_raw_plus_temporal,dev_label_upper,raw_plus_temporal,multihead_attack_hardood_conflict,ood_val,select,processed/iotsim-hydraulic-system-13.csv,iotsim-hydraulic-system-13,2431,0.011517893870835048,0.0,0.0022838406083153934,0.0009971010540517828
U2_devlabel_multihead_raw_plus_temporal,dev_label_upper,raw_plus_temporal,multihead_attack_hardood_conflict,ood_val,select,processed/iotsim-hydraulic-system-14.csv,iotsim-hydraulic-system-14,2431,0.00781571369806664,0.0,0.0012730590863069202,0.0009974512489585791
U2_devlabel_multihead_raw_plus_temporal,dev_label_upper,raw_plus_temporal,multihead_attack_hardood_conflict,ood_val,select,processed/iotsim-hydraulic-system-15.csv,iotsim-hydraulic-system-15,2446,0.010220768601798855,0.0,0.001944920734281081,0.000997101054051783
U2_devlabel_multihead_raw_plus_temporal,dev_label_upper,raw_plus_temporal,multihead_attack_hardood_conflict,ood_val,select,processed/iotsim-hydraulic-system-2.csv,iotsim-hydraulic-system-2,2451,0.007751937984496124,0.0,0.00130751645568508,0.0010006832345788147
U2_devlabel_multihead_raw_plus_temporal,dev_label_upper,raw_plus_temporal,multihead_attack_hardood_conflict,ood_stress,select,processed/iotsim-stream-consumer-2.csv,iotsim-stream-consumer-2,79950,0.00225140712945591,0.0041400875547217015,0.002076649684546078,0.9962067048910002
U2_devlabel_multihead_raw_plus_temporal,dev_label_upper,raw_plus_temporal,multihead_attack_hardood_conflict,support_val,select,processed/iotsim-city-power-1.csv,city-power,23,1.0,0.0,0.998225334857754,0.0009971010540517835
U2_devlabel_multihead_raw_plus_temporal,dev_label_upper,raw_plus_temporal,multihead_attack_hardood_conflict,support_val,select,processed/iotsim-combined-cycle-10.csv,combined-cycle,6,1.0,0.0,0.941348555364481,0.0010059402867834747
U2_devlabel_multihead_raw_plus_temporal,dev_label_upper,raw_plus_temporal,multihead_attack_hardood_conflict,support_val,select,processed/iotsim-ip-camera-museum-1.csv,ip-camera-museum,40,0.975,0.025,0.9786759761246543,0.016437266719521983
U2_devlabel_multihead_raw_plus_temporal,dev_label_upper,raw_plus_temporal,multihead_attack_hardood_conflict,same_file_query,select,processed/iotsim-combined-cycle-10.csv,combined-cycle,2486,0.996379726468222,0.0036202735317779565,0.9985682472110246,0.004464684192541002
U2_devlabel_multihead_raw_plus_temporal,dev_label_upper,raw_plus_temporal,multihead_attack_hardood_conflict,same_file_query,select,processed/iotsim-ip-camera-museum-1.csv,ip-camera-museum,65263,0.9903467508389133,0.00963792654337067,0.999482872446251,0.0013902096893326705
U2_devlabel_multihead_raw_plus_temporal,dev_label_upper,raw_plus_temporal,multihead_attack_hardood_conflict,future_query,select,processed/iotsim-combined-cycle-1.csv,combined-cycle,46486,0.9991395258787592,0.0008604741212408037,0.9982974846548063,0.0010199681424961024
U2_devlabel_multihead_raw_plus_temporal,dev_label_upper,raw_plus_temporal,multihead_attack_hardood_conflict,future_query,select,processed/iotsim-combined-cycle-10.csv,combined-cycle,12677,1.0,0.0,0.9986787697722461,0.0009971010540517828
U2_devlabel_multihead_raw_plus_temporal,dev_label_upper,raw_plus_temporal,multihead_attack_hardood_conflict,future_query,select,processed/iotsim-domotic-monitor-1.csv,domotic-monitor,48185,0.9997717131887517,0.0002282868112483138,0.9993057679973681,0.0010151533164666515
U2_devlabel_multihead_raw_plus_temporal,dev_label_upper,raw_plus_temporal,multihead_attack_hardood_conflict,future_query,select,processed/iotsim-ip-camera-museum-1.csv,ip-camera-museum,12652,0.8491938033512488,0.15033196332595636,0.8100248887791772,0.022515476850495753
U2_devlabel_multihead_raw_plus_temporal,dev_label_upper,raw_plus_temporal,multihead_attack_hardood_conflict,sealed_final_ood,all,processed/iotsim-ip-camera-museum-2.csv,iotsim-ip-camera-museum-2,42570,0.0030772844726333097,0.012708480150340616,0.003074401841151165,0.9640750712312691
U2_devlabel_multihead_raw_plus_temporal,dev_label_upper,raw_plus_temporal,multihead_attack_hardood_conflict,sealed_final_ood,all,processed/iotsim-ip-camera-street-2.csv,iotsim-ip-camera-street-2,77430,0.0048689138576779025,0.0098798915149167,0.002806778360397949,0.9008308334008782
U2_devlabel_multihead_raw_plus_temporal,dev_label_upper,raw_plus_temporal,multihead_attack_hardood_conflict,sealed_final_attack,all,processed/iotsim-ip-camera-street-1.csv,ip-camera-street,110104,0.7829960764368233,0.2169675942745041,0.9799502653988431,0.11787841441659953
